product_id,product_name,price,category
08f0f726-6310-4da7-87a9-0fa79de2b0d2,Public-key directional open system,879.39,particular
9639f4a5-da3b-47c4-8cfc-bef491cb571a,Function-based discrete analyzer,966.64,career
3b15e003-5b3f-4f6f-be62-f21442ac6ad8,Synchronized tangible intranet,972.70,system
949d9400-44e9-4dd9-8850-a991d2f2a28f,Advanced upward-trending pricing structure,589.46,participant
777518e0-20ed-4c31-a5fe-df6cb8e2b636,Fundamental incremental groupware,889.86,late
71bf08e5-f270-44dc-a8cc-5461fcbe286e,Stand-alone multimedia emulation,210.75,soon
d3310833-1b7f-48c3-8f20-aabebd1d5eaa,Monitored mobile budgetary management,846.06,policy
9efd5eec-16ed-40bf-aa34-0711c366f157,Reduced clear-thinking strategy,521.11,already
cb40f63c-fa3a-4603-91e6-9a64b2a60177,Distributed systemic product,870.14,heavy
0822715a-b48d-4be0-aa53-286f27ec13f3,Virtual stable concept,750.03,say
e313b240-1962-40d9-baae-0831bb99151a,Fundamental fault-tolerant artificial intelligence,295.98,describe
382415fa-8438-4ef9-8d85-d818917e9301,Proactive coherent encryption,437.65,author
06412b64-29b4-4849-b056-ca95fe60409c,Advanced global workforce,777.26,ten
9b99d159-3448-4fbf-a325-e74fd71e6993,Mandatory holistic task-force,228.41,firm
69322c8b-21da-4ba4-a095-e2420b04a960,Profound contextually-based service-desk,669.55,set
5d6c3bbc-40cb-4f3c-b8ec-c8e1836f87d6,User-friendly 24/7 leverage,886.87,cover
b3b98378-2797-4014-be71-0ec1ade8e2cf,Implemented zero tolerance firmware,384.47,heavy
221fb7d7-f567-4105-b83d-710c8a59057b,Versatile uniform synergy,682.89,quality
dc929483-ea8f-431d-a6ba-2d63c72bee3b,Vision-oriented uniform instruction set,378.16,despite
5afeaeca-94e7-46a4-9b07-0e22460a3672,Multi-layered mission-critical superstructure,169.55,simply
c3dffc96-c96c-44fb-bd2b-f21efe8333b3,Proactive tertiary infrastructure,214.93,address
8f49476c-f36d-43df-929e-86233a8f6897,Reverse-engineered human-resource installation,213.76,article
002e801a-1f09-4afb-a49c-94e5e069da99,Integrated discrete software,596.79,want
357fefb1-e85d-4846-9073-099c1f773f7e,Face-to-face tangible utilization,722.14,force
564fe10b-f422-4b92-ac4c-f0ff28207b88,Decentralized incremental productivity,999.06,group
83b804f8-ad07-47b5-8927-3f4e2e86a3f7,Vision-oriented analyzing solution,517.38,song
f30da1f6-0c3c-4c63-8ce2-d5fb6fb7fa17,Persistent responsive open architecture,755.86,news
27a49bb1-7b24-4786-9596-568cc9402ccd,Intuitive real-time model,398.11,authority
050f804f-9c4d-4dbc-aea7-43b30123f3a5,Cross-platform zero-defect methodology,128.09,key
71a24f74-5b09-445f-9a1c-0aa1f844d173,Triple-buffered attitude-oriented project,893.86,perhaps
d6a4d09a-98ed-41f3-80fe-69411d1d2475,Vision-oriented content-based migration,447.28,call
8b636027-e646-4973-b948-f488dc29c022,Advanced reciprocal infrastructure,403.85,short
c4b9d442-5a77-4da3-b208-8d92f5f519e6,Implemented coherent time-frame,670.55,blood
3d5c849b-ae65-4252-a79a-d6270fd8405e,Profound national flexibility,110.18,involve
10963f4e-b24a-4f5f-8fb8-ac186c5911b3,Vision-oriented static ability,175.60,job
23827f15-c61d-424b-a651-5ef7949c1d65,Visionary human-resource artificial intelligence,958.40,general
fec02138-8450-4b17-bdde-5da25c1f0e62,Ergonomic attitude-oriented interface,273.89,could
4830c025-a5f8-4889-b8a5-720c0f9fd5d4,Quality-focused static time-frame,155.13,even
e6f60e6f-1604-444d-9ead-8db7c76941d2,Synergized national open architecture,387.27,sport
0134d781-aaee-4fc8-b1a9-d0f1a459083f,Cloned bottom-line throughput,416.80,consumer
74cf8cb5-c91c-4ba7-b3c9-b2cf4ac05a1a,Ergonomic bandwidth-monitored task-force,169.10,only
43cc9aa7-4275-4549-acfa-e2bd50e2d55f,Monitored modular open architecture,428.96,probably
89791de2-5bbf-4287-825b-f2bc9b044e5a,Multi-lateral bifurcated workforce,299.88,talk
c02994be-b69b-4893-8b3a-59a2b6552455,Total impactful parallelism,263.05,floor
a4939321-6c86-463e-83c5-88a290666a28,Multi-lateral context-sensitive encryption,787.05,sure
5fc1367e-6b38-4692-82f5-e3196f27cdb4,Face-to-face analyzing benchmark,727.18,tell
256c7e06-9261-44d0-aee7-3105b4ae08eb,Stand-alone bottom-line complexity,858.92,my
a72f9f78-34c7-41f4-ae6a-30bf72859929,Phased local neural-net,292.91,leg
1c94a907-26c5-4084-b8c9-3c8cafed78dc,Compatible multimedia complexity,656.50,shoulder
a1fffaaf-76c8-42e0-a051-db368177a9b8,Down-sized well-modulated instruction set,840.33,blood
3bad9a96-b2dd-46c5-9249-6426f8440376,Open-source needs-based hardware,400.63,network
4a223c9c-15c8-4683-bd14-8924fc31ae2c,Optimized system-worthy success,100.46,physical
c1fdc888-e63c-4f46-9629-e625e556aa05,User-centric dynamic neural-net,256.47,better
31f89781-27a5-4688-a225-d94a508e3977,Customer-focused coherent capability,436.86,computer
05ab3f79-db6e-464f-ab6c-735fc4341bf3,Ergonomic well-modulated architecture,837.31,professional
b74654d9-83c0-4a38-8288-bd8726f465ce,Diverse hybrid time-frame,723.41,step
2a524c4a-c3a1-4c54-b001-8aff37f81180,Automated holistic conglomeration,898.58,happy
55e5e33a-2a9c-487f-b5a3-09b614a76ab4,Expanded intangible analyzer,998.97,need
d514393a-d79e-4ef3-abf3-1ab4dfe46dfa,Programmable solution-oriented synergy,600.55,deep
22cd29f0-51d2-4513-a674-920106d3d926,Ergonomic uniform algorithm,451.87,upon
5f795b13-6a00-49da-a7ae-fd393fb4983f,Triple-buffered bifurcated paradigm,334.92,reveal
9be9cd9e-52ad-44ae-9eea-e583501039b3,Triple-buffered reciprocal challenge,261.27,special
6f30ee90-60d9-400c-a833-1c1cc41178b2,Upgradable context-sensitive infrastructure,954.41,hospital
6249e85d-56a7-4377-bbc8-c2bf0f8a283b,Realigned tangible info-mediaries,798.42,simple
08eb1640-def5-4cc4-b311-a715f1ea79c4,Fully-configurable background migration,735.18,standard
f851cd77-1162-4a89-930e-d45c208163b6,Upgradable secondary forecast,958.97,task
8509b190-fc47-4a88-b776-204eb126ce75,Down-sized regional encryption,742.87,century
303963f9-6f31-42c2-9b93-13e92b7a9a86,Balanced web-enabled data-warehouse,254.54,item
ab09707f-f791-4642-a375-04ae4ffd2827,Public-key 5thgeneration instruction set,699.61,time
6a651339-bd37-42d7-a4fc-62944eb5b920,Re-engineered global adapter,418.40,that
ffdae42c-8082-446a-9ef2-b30270d40d76,Polarized actuating software,531.64,by
7097e3a4-1302-4a83-884a-3169f8999586,Seamless 4thgeneration installation,471.48,represent
a2680bf8-743f-4ca2-9976-f249cfe49521,Persevering exuding database,897.98,measure
27d25bf0-3e86-4bcd-94c7-e24cf0c16013,Open-source user-facing website,718.96,away
c0c9d945-c57f-4734-a420-3386484cf630,Vision-oriented foreground firmware,944.17,man
83ea61bc-378d-4ab5-964a-82a8bbebb795,Mandatory mobile database,905.77,leader
cecf732e-2c9e-4d4b-8778-612edacee9f6,Synchronized even-keeled workforce,560.31,write
948a36a4-4070-4c99-9f1a-1527d06fb4b0,Re-contextualized non-volatile support,696.78,learn
9614aa8b-79d4-4b5f-8c6e-d44d5596c5ec,Exclusive full-range encryption,878.06,type
587b7d5b-3bc6-4c4e-a283-03b64802e301,Phased high-level access,123.06,summer
bb14a41c-8306-4034-a2fa-336ce7aa580b,Ameliorated impactful capacity,663.26,consumer
79493207-4760-45fe-a86e-ccc1b77262aa,De-engineered 24/7 functionalities,797.35,brother
c85019fd-3aa4-4022-a638-b5de82f5b37b,Front-line interactive encryption,286.88,couple
c15ed0e6-aae2-48fd-9a48-ca488bdd985d,Ameliorated systematic ability,316.14,traditional
371488ba-5c57-4754-8dd4-74fa7b827791,Ameliorated mobile ability,599.12,north
73197b9f-cc25-4088-9611-fb7398bc11e9,Optimized user-facing website,727.16,develop
e829f9b8-85db-489b-9816-d5571735429a,Reactive interactive moratorium,882.71,your
9f386bab-aab3-433e-8484-023db10f283b,Public-key empowering synergy,643.00,environment
cfa54098-223b-407a-bb7f-b27b653915a8,Up-sized client-server open system,209.82,indicate
573304bf-66f9-48db-9936-0a816882b0be,Profound system-worthy customer loyalty,748.67,wrong
86e22e69-1be6-4361-af88-e07508fb3756,Robust stable interface,738.22,allow
fd4977ca-e64b-48d6-b936-c1e60de4c0d7,Reduced modular frame,429.73,radio
8ba4d8bb-8993-4428-baf1-622522dad2ec,Devolved empowering application,473.64,establish
077b096e-33d9-49f7-9ea3-51e319e4c2dc,Intuitive analyzing superstructure,370.70,probably
0e726bd1-0001-46e7-a0b9-f8fd76f0607e,Customizable non-volatile strategy,353.87,him
c59a792b-1f0b-42ff-b7d5-8a76dd086b1f,Visionary transitional analyzer,817.61,job
d541ef50-5817-4fcc-8bdd-5999d3305dee,Function-based attitude-oriented workforce,425.00,defense
29dc4a36-714f-4a15-9ff1-5c8a577f2c86,Synergistic explicit support,545.92,general
a28ff35f-a721-47d2-bf5d-3d7f2a11eb03,Multi-layered asynchronous knowledge user,257.74,course
830292c9-2fa1-4381-b3dc-424c3d52f443,Persevering zero-defect matrices,710.01,loss
44f4c5f4-f56b-4a2f-8a3d-1d94671ca73c,Cross-group homogeneous attitude,313.93,can
97e680f0-0a19-412b-a7db-bbac075d1531,Diverse intermediate instruction set,862.95,door
aff4915c-24d0-4290-b9dd-6fc12bf2ba23,Adaptive client-driven product,303.28,painting
4f4801a8-259a-4816-8a88-cf78f9adb169,Organized content-based parallelism,542.86,about
b9948f7f-4a63-4da8-afa6-2ace97b44fc3,Optional value-added synergy,407.76,offer
56ac54a7-0948-4db3-9924-5b676e2837a0,Synchronized fresh-thinking utilization,232.85,break
f9acc77b-55f4-4926-b6b5-113f45bd15a7,User-centric 4thgeneration website,528.28,sign
0d3178a1-2875-455c-94da-8c2bd8a725cf,Adaptive leadingedge hierarchy,399.27,meet
fe592966-37ff-49b6-be56-3f7aaf6d7add,Reverse-engineered global moratorium,715.56,weight
90981b88-1f8f-4d2d-a8a9-cfce8546a4ad,Grass-roots clear-thinking moratorium,512.17,inside
fd8359d4-2a0b-47ae-96e5-c607bba23f15,Function-based mission-critical hardware,196.22,response
74e1efaf-a65a-459f-8a79-d92a163e5d65,Total coherent hub,470.71,people
952a6c18-94a1-47e4-8662-3f2ef76e7d31,Multi-layered executive groupware,764.29,provide
d19b3000-25cf-4a16-bf8e-ceb66c1c26c2,Mandatory didactic matrix,680.19,buy
9e2ce9ba-422b-429e-b835-35b97626febc,Secured heuristic service-desk,760.65,ahead
901932f7-cdb7-4d46-81f1-ac685686f7eb,Adaptive multimedia collaboration,227.75,rise
d50a799e-a46a-419b-a11f-015ed49a0558,Stand-alone real-time middleware,581.80,red
931c5bba-1131-4529-b91a-dbd077e08d60,User-centric global protocol,255.91,customer
28b4e1a8-45c1-4225-b3c9-e1b8b8cd5ad6,Organic actuating adapter,283.85,college
ceca3079-5da4-4a22-a1df-68a9a17f04ea,Customer-focused stable database,629.94,among
c9b4c021-e508-4d8d-8f78-d259324209ca,Ameliorated intangible standardization,866.09,significant
a69fa76c-61b2-4a7e-8051-7db51723e58e,Front-line value-added database,573.01,such
8dfdf1b4-3a5f-4192-ad64-a8c83329dba2,Networked high-level time-frame,355.09,base
96044f4e-e5e3-4af6-adb3-b8890036892f,Exclusive optimal concept,556.57,visit
3b402611-f90f-40c8-b622-abe93942a0cc,Realigned intangible groupware,246.95,green
00270e67-7d1c-4d53-b08b-b02547dbda99,Customer-focused client-driven methodology,223.44,throughout
d7d77af3-18e6-46c7-8891-596d52745e23,Diverse zero administration database,495.79,role
4cc55c90-477a-48f3-b419-27ceb4566522,Intuitive bi-directional matrices,356.45,generation
45b000c6-ee4f-43e0-af51-a5aa3081978a,Innovative stable synergy,186.54,company
9d085864-501d-4dd5-ba05-cb7fd4c22a28,Customizable mission-critical Graphical User Interface,451.88,future
e9f4dfd7-918d-47b8-81c5-6a6a06e87591,Customer-focused composite policy,788.13,commercial
99fc14c3-017c-4393-837f-b350757ba7dc,Advanced motivating database,197.36,professional
a5193592-7ef5-4d41-98f5-f93e8ce22bfb,Business-focused 6thgeneration product,830.38,product
9ff0c690-5b76-453b-aed0-6e7b549a5fbc,User-friendly full-range firmware,981.78,yourself
8d699c03-5429-4bcc-995f-1b5a964ecda2,Mandatory 5thgeneration open architecture,417.86,join
f17ca645-483b-4411-8842-144ba0c2d2b1,Integrated content-based matrix,509.48,wait
d7f61433-ef4f-40c0-af4e-b8400c148e6a,Ergonomic bottom-line throughput,145.56,town
8be81da1-f408-47fd-9e00-af44740857da,Virtual next generation collaboration,305.83,about
8f96ea0a-4130-48e1-9f3c-a6c2ee6ad912,Polarized logistical flexibility,750.30,rock
c6c1559c-bafa-47e6-b5af-0a7c29725b16,Universal 24/7 conglomeration,234.97,identify
5c822ce9-9ad3-470d-ab74-e3fe556c16be,Fundamental even-keeled task-force,781.28,heavy
68dcb7cc-96e7-4669-82d5-ffad86a1b53e,Sharable client-driven Graphic Interface,283.09,enjoy
aad33062-5220-47d4-8ffd-a8b75435ba40,Reverse-engineered regional data-warehouse,275.24,purpose
de793d78-2a09-47af-89d3-b47bcb005911,Synergized even-keeled interface,275.34,money
b0638910-7e4a-4e49-8db9-557cbe458d97,Quality-focused systemic hub,645.25,man
bb420d06-4ff6-4aa0-8b22-873df3169703,Mandatory fresh-thinking open architecture,883.01,mind
b8dff563-444c-4fe6-9521-9ca40ee527c2,Expanded web-enabled implementation,857.37,back
0a17bfba-9fd2-4458-a27d-7b46b8b27e5f,Total hybrid workforce,868.83,rock
862a7c04-e44a-4fba-8534-d9e2f5dd9ab4,Organized national infrastructure,799.49,hundred
1d3c6897-d091-4f99-ae10-f01acd7bdfc0,Automated optimal ability,319.93,whole
f0955bc4-7db1-44d2-af33-680703792842,Fundamental clear-thinking capacity,745.46,challenge
30884fe1-8f40-4fe2-b6ae-5887e120f2e1,Polarized encompassing info-mediaries,727.84,look
21d41d4b-2b61-4070-875e-932fdd462fe4,Streamlined transitional matrix,140.32,positive
d9e7bcc9-ce16-404c-92e0-ac7eb6584840,Public-key mission-critical artificial intelligence,624.35,health
d62d85c4-240a-4dc1-8630-c181c7bceb1e,Digitized well-modulated initiative,478.02,attack
21b07f98-b74c-4f6d-91b1-b98ecabca942,Open-source radical collaboration,297.12,art
48b095bb-48c6-427c-b369-12842252e01d,Vision-oriented optimizing knowledge user,427.85,do
0ed8d44c-c733-4989-b9b3-84d27ab26e30,Distributed fault-tolerant forecast,374.11,return
99815150-4b90-4a0e-aa77-f1a624b56a78,Quality-focused hybrid framework,996.75,pressure
386b03f1-ef60-43dc-ba56-95c6b4e6c5eb,Progressive multi-tasking system engine,906.05,every
927c3ee6-be58-45b5-9ae4-8ad94c8795ae,Assimilated clear-thinking product,817.77,whole
0820a5ad-0e60-4426-bf6f-7b797ed0a9c2,Seamless executive intranet,781.76,music
49f1c2fb-e2d3-4fda-a6f6-99aaa9b5e7cc,Implemented demand-driven success,399.94,whole
070eb5ae-38bd-47e4-8bc8-0743a2724012,De-engineered attitude-oriented matrix,503.76,administration
a27d0c52-71a7-4052-8109-2e9627c4d25f,Fully-configurable eco-centric success,752.50,push
d0cef794-7489-4632-b3d6-80fc40c4eb95,Polarized leadingedge neural-net,925.16,impact
43986dc2-1998-4bf2-8aed-373f079eb3c0,Right-sized demand-driven collaboration,478.08,behavior
96fced6e-a981-4def-80fa-408e6abd07e8,Programmable intermediate matrices,742.70,yourself
5d812a74-5d10-4338-b501-526acfa3fc3a,Organic interactive solution,238.74,because
29a1e364-12ee-4ac1-a5da-d0997dab1b7e,Programmable directional throughput,896.97,dog
c164ff78-9c44-4b79-862e-f89ddc727be2,Inverse client-driven function,287.51,story
111dfc05-59c1-4e77-90fc-f25da1a9da95,Phased optimal instruction set,466.06,exactly
8f256bc1-285a-4667-9a56-0fc0b98f734c,Universal value-added utilization,716.68,positive
9001d5fd-fa36-4165-a8b9-af6f92dbd132,Self-enabling mobile emulation,814.79,suffer
99374508-8f1c-4551-b657-367a34438b29,Ameliorated leadingedge database,740.88,least
7219dcf3-ea49-44cd-80c6-8ff642812f3e,Business-focused user-facing software,901.32,general
55213f25-b6cf-4493-8c1f-3074184abf7a,Grass-roots explicit interface,462.81,during
840bc6ee-0cb9-4b24-8154-7533f32620f8,Quality-focused neutral extranet,306.11,property
72ecb818-41ec-444f-9045-f7b2a28ea5e9,Advanced logistical migration,644.54,others
6afdf387-4acc-4525-b897-e1723740d7ee,Re-contextualized foreground challenge,765.57,once
64e1d456-ea6f-416d-8dad-b13c779e363e,Innovative encompassing toolset,423.83,court
f3c0e806-5b37-43c1-b423-fe6670ca04fe,Devolved 24hour utilization,861.08,door
1d26edaf-e6ac-40e9-835e-f2cb1cc767e2,User-friendly zero tolerance middleware,397.03,project
351f2943-23dc-49e7-a59f-ed91a63c0b66,Business-focused attitude-oriented array,982.17,leader
ce01df61-0dcd-4188-b208-2f11ea35c78b,Centralized context-sensitive alliance,608.43,seek
3e091821-d2b8-496f-8beb-0b3e6bdd56e9,Reverse-engineered even-keeled capacity,385.04,ask
fccfd0f6-a53f-4ecf-a51b-17c0fb266100,Public-key scalable data-warehouse,944.45,station
b68b8c70-63ff-4a56-8e00-d0c15d16350e,Right-sized maximized project,760.59,production
5e9970e2-281d-4fbe-a227-e4dcf5c1dde9,Fundamental exuding database,147.92,race
f561d7df-d2f0-491f-9094-d27ebee34bed,Up-sized client-server pricing structure,174.68,many
bff734bd-a653-4839-8427-a89de3d9a18a,Upgradable object-oriented benchmark,516.91,special
0a1ef091-c426-4dbc-850d-efb5e46de789,Centralized dynamic knowledgebase,783.33,smile
5c5dfcf7-6673-4624-b94c-42dd5ce35b9c,Organic modular monitoring,363.12,him
c6d464f4-b48e-42b3-b880-dea9755e7e3a,Exclusive content-based hierarchy,626.30,term
a3a0a6fb-c23d-4862-be27-8f907b10c7b2,Optional leadingedge throughput,230.18,know
887a1c0b-587e-4f88-869c-b4cc610abcf5,Ameliorated directional framework,151.73,room
4eb7f35c-9b58-4adb-9111-434354b68054,Switchable context-sensitive extranet,714.30,business
3223c6bf-0e1b-41f6-a908-0754e0e6ec3a,Diverse analyzing website,338.08,rise
8af2cdb6-b0b3-4c43-bd64-08b0a56b573f,Synergistic upward-trending algorithm,558.18,ready
ad0b5692-519a-4e57-b5df-2d7e763173d6,Focused fault-tolerant orchestration,206.21,those
30ef01cb-c315-4df7-bc89-4c8a3a0cbe3c,Self-enabling neutral parallelism,411.37,start
9988cd74-47f3-4250-b9cf-eded639e6105,Enhanced didactic core,331.22,week
4abe7f34-dd6b-4e6e-a7ca-34e98b04ca4c,Cross-group next generation middleware,376.23,here
2d642bb9-8687-4e85-b043-53bb92db2818,Function-based zero tolerance artificial intelligence,635.63,majority
ea2a87d3-a63c-47f0-a5b2-99d86ed787cf,Up-sized attitude-oriented instruction set,334.23,power
b12a527a-fa8d-428c-9f57-def0067022c1,Cross-group well-modulated neural-net,300.86,accept
2c3a0f2e-8320-4052-b11c-56a4a87febbf,Proactive well-modulated projection,698.59,trip
5d34d38f-cb68-4c02-b5b5-e926dd41e513,Optional zero tolerance task-force,407.64,weight
d5b9dec5-8f6f-4bd4-9181-c449f4266e17,Sharable zero-defect migration,613.99,anything
08cd36de-834b-402a-b5c3-5f8baa7bfed7,Face-to-face transitional open architecture,399.26,letter
b49f02e4-38f6-43e0-be52-a30a8ef559ce,Implemented web-enabled projection,324.35,yet
562d50c7-498e-49cc-a89c-7efd8cc780d1,Distributed stable approach,852.90,himself
305237a8-80e9-452b-9a56-54c1d26e7678,Monitored zero administration system engine,819.32,appear
aa89a927-2a20-45f1-b449-e5c73d9f45b3,Synergistic even-keeled support,433.22,usually
2149c18e-0c99-4850-b999-bdd27657578e,De-engineered system-worthy model,556.90,deep
f7bc358d-fbf5-4fdd-bc34-c9fd07e60421,Business-focused multi-tasking projection,466.53,whatever
e21795a5-b12c-4be1-86f6-2e66b354a2df,Universal hybrid protocol,961.12,piece
908ff713-a998-48d7-ba1b-f150eecfe2eb,Versatile intermediate help-desk,756.74,teach
89ae6389-1678-4c42-ab1a-6a3f81f56077,Configurable user-facing extranet,386.18,story
cd04e8ed-bea9-477d-8fdd-5fa17a00593c,Compatible incremental artificial intelligence,362.45,develop
7724c871-2b3c-4bae-a1e3-fdad0b56d8be,Multi-tiered motivating application,323.63,pass
49d4b151-2135-449a-9a35-a7c72630c80f,Customizable 6thgeneration architecture,164.29,send
1f463b32-0867-4a24-9e1c-348d0a02067b,Object-based static encryption,262.34,key
68a278f8-a183-4666-87f9-493abaebb53a,Front-line motivating definition,912.75,seem
23140e02-1718-4d7d-b69e-fa65f807d3d2,Optimized disintermediate benchmark,416.24,situation
9628c4e5-bd0c-409c-b426-616190d90e62,Self-enabling analyzing matrix,687.64,guy
b097a88a-8314-40c6-87e0-ec38e281aa1e,Customer-focused client-server workforce,163.46,learn
e75831da-91bb-472c-8eac-b7ff18466b51,Monitored national archive,384.02,watch
22874dfc-8fc5-4ae1-be43-bf89654696d1,Multi-tiered leadingedge challenge,723.14,speak
f96c420d-fd56-4ce1-afbf-be2b339080a3,Ameliorated attitude-oriented workforce,317.53,right
15e12633-28f6-4a3c-9e54-ba9d7547018c,Inverse bottom-line approach,266.57,science
132e1fe9-0162-4e1f-973f-3742fc3181af,Integrated client-server artificial intelligence,869.16,politics
1bf050f1-97f7-48c4-88d9-9a497f96fcd4,Decentralized grid-enabled Local Area Network,938.20,employee
c9cc348a-5149-496c-bbbb-c2143569017e,Business-focused transitional groupware,925.46,eight
a3e4b1d3-341e-4fab-86b8-1e6d6a2fe423,Configurable impactful emulation,898.89,each
7d331bbc-95e8-423f-a747-943e8eaaa7a4,Decentralized client-server paradigm,603.81,effort
98ad1eb6-6f66-4127-9f46-327f37e32ad6,Profit-focused contextually-based conglomeration,565.20,must
d66fd44b-bb8a-433e-a0d6-99f3f081e345,Fundamental heuristic Internet solution,100.16,view
5f8899f1-65cb-4658-aab0-2f60cf07dbc1,De-engineered discrete challenge,304.17,even
edb37c96-4141-4110-8dad-8215e0330c6f,Cloned client-driven encoding,178.77,foreign
9eca0963-253a-42ba-8619-bc73fb449d83,Automated multimedia support,858.18,participant
1da87c85-9698-426b-bdbb-74db90cd9999,Public-key optimal moderator,856.95,season
cace69d7-7362-43e0-82dc-a4bb56de5185,Decentralized stable infrastructure,462.54,fast
9fb91948-2e09-491f-a96e-70ad0a2a0d65,Diverse tertiary orchestration,554.45,word
ff25eb2b-e87e-44d7-8ca7-ab5ac178eb1a,Mandatory needs-based forecast,975.13,fear
446a70f9-d26c-4307-a738-c55075de6052,Advanced fresh-thinking capability,491.68,poor
72b4e883-da68-4612-9487-4e79f5f9fa9f,Upgradable grid-enabled collaboration,728.60,lay
586e3d6f-f82e-49a3-a44f-f5d42bd2f135,Universal context-sensitive benchmark,113.60,center
84e3575e-435f-4619-98ac-78e1cf92e4dc,Future-proofed motivating workforce,758.12,race
6340a7a2-8bd2-4825-a66c-d5bbc458542f,Devolved intangible alliance,833.23,coach
23dfa2b3-4ac0-47a4-becd-73d451be3b1c,Ameliorated content-based orchestration,611.42,company
01f71798-0f61-484f-89bc-aa912b605670,Seamless tertiary Internet solution,370.76,within
1762fcd9-5c4e-480d-a456-e649c7c7951c,Synergized zero administration flexibility,772.72,concern
45d257ac-62ce-4a65-9e0d-f22282cf224b,Extended composite capacity,557.86,white
e7bb12b9-01af-464e-9eac-2a9711940349,Multi-tiered scalable structure,843.28,prove
1abf682e-331e-4c9b-93b2-2d96e3854c32,Implemented fault-tolerant knowledge user,729.55,trouble
2e777655-13dc-4579-88f8-b5b1f6518fe4,Grass-roots high-level synergy,303.16,kind
b685256f-782b-45e6-be07-f611451e4940,Pre-emptive discrete process improvement,836.08,address
b0cf5ddf-c8eb-4b7c-9c25-24a6b64030ab,Enterprise-wide next generation adapter,318.00,of
d4deb73e-2260-470c-982b-9df27cb1473d,Vision-oriented stable software,130.49,often
ab8ec1dc-f893-4adf-8acd-a322465f2288,Pre-emptive radical knowledge user,530.49,attention
d3e0c3b4-0bc9-494b-8860-b5f827c85c30,Digitized encompassing capability,645.56,word
8a7788ef-37a9-40bb-a093-35b09a4bc098,Upgradable clear-thinking approach,559.10,like
5480c72f-815f-4788-8171-82b8d0ad069c,Business-focused optimizing definition,644.06,represent
da7c0bce-a9b7-4ccd-b1a0-9ef2f9c64197,Persevering analyzing help-desk,111.79,set
7a3067a9-2265-498e-80f3-d1e41b84b085,Fully-configurable content-based Graphic Interface,967.20,agree
29345798-c787-4ffa-ad33-85dbd3767e8e,Ameliorated even-keeled service-desk,708.36,him
082aaaeb-2a78-49ee-afc2-83bf80de59e6,Switchable uniform strategy,171.19,activity
8d15ce66-60ad-40f1-be9b-8a598d6a1c53,Object-based methodical superstructure,488.48,old
69bd49ca-3007-4818-a7dd-5868cd2f2287,Profit-focused 24hour function,154.69,lay
bb61837c-b853-4cd2-a39c-c56e24fcdc69,Devolved real-time ability,606.78,only
3a93990a-3fef-4d69-a56d-200acacc2146,Intuitive national protocol,479.26,course
38db77d1-fe2c-4f2f-b956-d4d78395d26d,Programmable upward-trending algorithm,405.08,develop
d72a3802-d23e-4e42-ba7c-882529a734ce,Integrated methodical contingency,822.42,soldier
0ac9d066-591b-4722-a87e-9715b083fd06,Public-key local productivity,904.33,short
4bdc8cdf-16d6-4227-8258-732cd01e83b6,Face-to-face static standardization,396.85,rest
7df7cd07-416e-452a-8ac9-756a529005db,Persistent motivating policy,792.54,soldier
3bc80b5b-84d8-4b8d-bf32-a97993fa4df7,Streamlined zero-defect initiative,255.10,machine
bb4372a4-dba8-4704-a65f-5ab873f8a73d,Configurable global functionalities,375.59,author
5ba90663-8994-4fc9-91e6-a7e55c0ef425,Organized context-sensitive intranet,720.67,story
f6041352-7fb9-4779-8d7b-3de9dbc71cd1,Total systematic policy,509.01,do
b2d9321d-c393-44ad-a74e-13facdc3e8d9,Persistent uniform adapter,933.10,appear
922c158f-9835-4fdd-bac9-3d2b363c91ba,Digitized multimedia artificial intelligence,688.85,very
9ab8bb7b-1be7-4305-8f49-730a524055a4,Pre-emptive user-facing matrices,767.34,themselves
c78c9517-e69e-410f-bf24-a5d0cdc4af27,Customizable 6thgeneration help-desk,341.72,dark
c094537e-4c76-4be2-9fbb-cccab2ed9ae2,Synergistic bandwidth-monitored neural-net,533.93,half
3b2a57b6-449b-4589-ab7a-9c7226ea6dfa,Function-based multi-state synergy,739.37,fly
40877291-f718-4628-8e28-597538db8e87,User-friendly user-facing approach,240.41,score
dbd29463-837f-444a-837a-5b542eac5f63,Cross-platform multimedia leverage,534.72,fall
32c64c2e-55a8-4911-bc57-3ceaebcac843,Re-engineered bifurcated circuit,244.80,debate
1e7cd724-9feb-4bf0-9234-924fe0ee34db,Secured coherent projection,209.07,knowledge
8b536325-3787-40d0-9fb9-218198da1b33,Triple-buffered content-based data-warehouse,200.32,nation
d41092ae-1dad-41ae-9a70-7521071a9382,Devolved solution-oriented standardization,848.60,answer
f0defabc-1b68-44a3-b800-c1c6dff93775,Polarized bi-directional access,356.23,determine
a2ebacda-4d05-4011-8122-323b90f3a37f,Devolved mobile toolset,763.46,until
35dee1d1-bab3-4def-b6a1-02c9750dedfc,Horizontal explicit knowledge user,188.76,cause
1c3738aa-2b60-4718-82ab-0e084e69c434,Realigned methodical throughput,845.86,bring
653cb443-1837-4e13-b0a6-eb796fb12b20,Robust next generation emulation,531.85,side
a15b442d-1d72-4dd1-a29a-56671260c85d,Reduced transitional throughput,612.57,message
d680ff28-70e9-49b0-acb2-eb8276386d98,Distributed optimizing knowledgebase,934.29,itself
f6a4d0a7-332f-4dc7-8ad9-b88e540de977,Assimilated 24hour Internet solution,860.79,able
078efdb0-9469-4425-bd00-9124ac3a2f81,Progressive scalable support,288.95,receive
5157899a-7f52-414a-91e3-1ed8b6129d45,Reverse-engineered bandwidth-monitored moratorium,860.06,look
849f9bd6-72d7-4d30-a1c1-07bd6d43381b,Horizontal even-keeled portal,646.49,argue
8bcbfd1c-d501-4ca5-8a4a-593c64b078f1,Face-to-face client-driven strategy,689.62,discover
12f63680-d060-4922-b7be-46f63f2ca191,Focused value-added artificial intelligence,233.60,system
a2cbe408-10c4-4fcb-bc84-f9255e8ca2c9,Face-to-face composite intranet,415.02,member
9effb550-222c-4c41-bf64-022f7f923d10,Visionary stable hub,835.99,explain
f834ebe3-f0f2-4f96-b8c8-cc787b759aef,Stand-alone exuding conglomeration,659.22,interest
2af2dc17-52f3-4da2-a5d3-85c72bb20937,Down-sized interactive middleware,876.21,into
ff6347f9-9461-401c-a896-e29d32519a14,Future-proofed neutral toolset,812.61,nation
e240e670-7805-4a00-b18e-1ae5aac899fd,Devolved web-enabled productivity,747.94,today
4284d46c-a081-40aa-b6b2-bdeeaaa9f0d6,Synergistic actuating paradigm,659.98,once
0843a8b2-9075-49ee-aa93-2daea583d12e,Innovative user-facing productivity,701.00,high
468defc3-2005-4d86-9aa9-2a6c4892f7c0,Total user-facing analyzer,553.07,adult
8c7edacc-14d8-44ce-ac63-e41270b10851,Operative secondary success,605.76,require
ee2af620-280c-4c02-a9f6-064750eed55e,Organized user-facing utilization,173.51,player
50496c8b-e335-4159-8f62-e186f1df8e54,Sharable analyzing process improvement,945.27,glass
9433a7f3-b78b-4746-95f7-96dad96ce856,Down-sized system-worthy encryption,482.87,possible
a07ce43d-6a2c-4a92-8e7b-35d2318e03e8,Multi-tiered eco-centric Local Area Network,475.87,building
caa7cafa-8a00-4351-862f-7a5919635bdf,Expanded bottom-line emulation,763.70,black
10140c3d-b03c-4915-9628-ad518e0ac4dd,Cross-group responsive forecast,907.59,stock
b0fe383e-4053-4375-9754-34a5e0e7c33b,Switchable heuristic conglomeration,347.30,push
3c55d42f-7097-41ed-a912-a1826e2096b0,Operative clear-thinking strategy,130.80,sometimes
5126e0fc-cc76-4f72-bd1e-93120e89d49c,Innovative modular system engine,913.96,society
23475886-bda8-4778-bed3-729b384e5bfc,Open-architected contextually-based knowledgebase,997.25,rate
a5dacd79-d02d-48f1-b889-7243c541f24e,Up-sized next generation secured line,388.30,simple
1131b25c-5186-4ece-a14d-d1877aff565a,Inverse motivating core,580.11,way
e46ae861-0cd4-4a36-bce4-4fbac99d1a71,Right-sized mobile circuit,575.19,head
a96194a0-6b19-4ed9-9ca5-f17ff3a47803,Reactive optimizing service-desk,877.68,whose
19687566-def1-4056-87a7-4a00686940ab,Programmable system-worthy analyzer,553.50,employee
06f3f8e0-e056-4ae1-8b64-3688a30cdfa0,Total static collaboration,556.87,too
06f8d86d-a80d-4f89-b21f-a2c85867afff,Automated 6thgeneration website,537.41,season
4b9fb452-3448-40b4-8f0b-b8ca7fba77c3,Exclusive methodical customer loyalty,744.15,stage
9ec88a9d-3799-4f10-905a-abbb06caa281,User-friendly reciprocal challenge,998.94,between
f540064d-d099-4106-b248-258fc64c218f,Right-sized modular support,259.88,quite
fccbc7d9-373e-4c6c-b38f-60ff20fa1c1c,Stand-alone national application,698.75,government
bb06e2b3-9f4f-4938-a79d-4e974587f5d7,Realigned dedicated parallelism,556.22,more
aba2d328-0939-4752-a20d-7b8e290157f9,Configurable explicit benchmark,509.50,describe
a9e0517b-88cd-4aec-8651-964e122d03b5,Multi-tiered eco-centric productivity,264.50,small
7289a268-fe58-4de0-bf6b-0d624efe6bd5,Grass-roots radical infrastructure,505.11,medical
4b2ca773-ba61-4954-bec5-a9f723dc2b5c,Multi-channeled system-worthy matrices,167.30,hear
bfbc8ee0-1bd4-4c50-bd54-dda40de069d6,Profit-focused executive monitoring,201.30,serious
8459237d-2a16-475a-bc1d-72aec11352cc,Integrated client-driven architecture,392.24,data
f5792d05-e710-4a8b-b1c1-2d8f6eca6e8b,Streamlined didactic middleware,138.78,past
db1b0eb3-4453-45c6-96cd-61f6af48b726,Function-based exuding hub,363.68,test
9b2695d5-e2d8-4cb8-be73-f6ba6dbbbf7b,Assimilated disintermediate capability,452.87,pressure
edbfbbd4-e71f-4c03-854e-22331699d825,Ameliorated 3rdgeneration core,502.83,continue
aeb9ad1b-9f07-4856-9fa8-647c2831d325,User-friendly full-range database,727.06,need
dc0f7215-ce31-45c1-b44d-baff6c82e094,Mandatory next generation frame,947.88,trade
467ed424-91f8-48ee-9ca0-8daa93021d16,Front-line heuristic complexity,667.36,eye
2499702d-85bb-4338-a52a-d14da6bcc1c5,Inverse systematic standardization,281.93,be
5321617a-24f6-42f2-b97d-b107a05eb22d,Re-contextualized leadingedge groupware,999.05,significant
e0d8bdcb-eff9-4dff-8eab-56440178fa16,Progressive homogeneous protocol,427.69,business
5ea94f4e-c63c-490d-bea1-851f5dbff0ab,Multi-layered user-facing function,330.78,half
03c4d450-4a53-491f-91bd-93b1635d3275,Exclusive 24/7 structure,771.58,employee
09da0940-c06c-4cf5-bbae-070b119ad2de,Managed 24/7 concept,775.16,perhaps
865f1b16-27a5-4d7b-8f36-8eb2c671bbe2,Quality-focused multi-state definition,745.66,western
20211d42-0b02-425d-a3fc-1743e3803041,User-friendly homogeneous knowledge user,516.72,career
c49a263a-fac4-4653-95bf-2671336f3498,Decentralized zero-defect focus group,917.16,memory
da46684c-ed54-4e92-b28a-b80f0db53e66,Enterprise-wide 3rdgeneration benchmark,191.43,quickly
41a80add-5484-4d65-a7ac-eac995ede2f8,Business-focused incremental hub,954.95,line
5a0c6dea-b755-4f6f-b654-0505f186a5c4,Persistent intangible service-desk,433.23,east
d2a57705-b24c-4aa4-93a5-ffb6265c12a3,Reverse-engineered 6thgeneration protocol,151.04,will
b98bb291-c797-41c6-bce1-4460040538a6,Progressive methodical software,873.58,scene
2e84f8b0-5c54-49c8-b785-95118d765ef6,Compatible foreground toolset,611.57,expect
451e3065-a37d-4671-a9a8-d037c309180f,Phased 6thgeneration open system,851.07,property
148af9c3-3436-4165-a932-8a8de1535fcc,Grass-roots cohesive success,201.62,collection
468c77b6-c74e-40b6-92f2-707696167d8d,User-friendly neutral knowledge user,460.35,owner
f88abf31-716b-4852-99af-06c065816fe5,Intuitive client-driven infrastructure,688.00,these
7bd4420f-e060-4e15-996c-ed845717c12d,Face-to-face cohesive methodology,335.11,against
09a20a88-78a7-4393-9ced-b4256173b7b6,Re-contextualized bifurcated initiative,814.02,tax
6db20530-bac6-4816-815a-3cbf7e492d3c,User-friendly 4thgeneration paradigm,448.43,green
b920525a-1635-41ba-9e7f-22ec9b1b82ee,Implemented 5thgeneration help-desk,318.06,despite
b190e0aa-5de5-4941-91dd-236be77301c9,Switchable dedicated superstructure,191.20,arrive
2b316680-82f6-4eb9-8048-8d7fd90bba3d,Automated global firmware,274.11,citizen
ba665f7e-3138-40c0-bc98-65ad273cde66,Sharable encompassing circuit,927.42,decide
d0c55d79-6515-45da-9b38-fcd8ecfaeeb5,Face-to-face mobile ability,810.25,rock
cc5957a6-8597-4a93-b7ce-7b638565d2ab,Automated non-volatile core,457.96,similar
e5ce9bb8-3c74-478f-b01e-f86e88de1fb4,Re-contextualized national hardware,411.87,contain
90daa172-e9be-4990-812d-428f051309e7,Programmable tertiary open system,466.50,radio
fee65906-ed07-4785-93da-513c9a99857b,Optimized logistical firmware,960.99,no
2691d51e-68c0-4694-a290-0e8a8cc91af6,Digitized eco-centric neural-net,462.27,gas
16ad1013-1f54-47b6-b11e-c147b5095237,Switchable logistical model,665.33,end
d479e90c-2d0c-42db-9806-53e185b246ee,Fundamental 6thgeneration frame,165.89,although
692e9634-5d5a-4f15-9e69-b589f4461097,Switchable solution-oriented workforce,407.03,bill
d84a00df-6d0c-45ac-a2e8-a8bf934d0cbf,Realigned global project,238.25,hear
93451d95-1fc7-43bf-b927-2972ac10bc40,Profound neutral customer loyalty,100.01,now
3ca54172-8a35-4ac2-834d-cc1e076936bb,Configurable content-based model,757.60,network
90709c54-e8b2-46ca-ac58-cd3578c68b6a,Devolved tangible matrix,650.64,same
f873e2f1-81da-4d47-bb19-e7cffd76fafc,Profound web-enabled protocol,829.58,box
06912669-8b8e-4b99-86d0-227c268bdb35,Persevering regional service-desk,209.16,audience
4ed1c315-7488-4e08-ad52-964f47eacb59,Inverse multi-tasking Graphic Interface,711.22,should
da4ae146-d17f-4984-b9f9-3d364afacace,Devolved stable concept,424.38,order
ac1c273b-25da-4ca7-b358-03b4661e1e59,Pre-emptive background customer loyalty,747.30,who
304acf51-ee54-43b2-aa90-0c9da704179f,Multi-channeled attitude-oriented database,353.39,fly
26e18280-a895-4f6e-b295-fc525f8ebfaa,Team-oriented impactful ability,391.08,would
5ceb5524-8914-4c49-a025-d3c63b27a08f,Multi-channeled background process improvement,554.67,arm
f81865a5-7953-462c-a7d6-46848d371528,Grass-roots mission-critical benchmark,279.52,according
f419a892-c980-48f4-bd63-da469fc97c91,Re-contextualized systematic paradigm,420.62,could
0921ca67-fc22-4680-b941-db1228f1b1a2,Front-line dynamic adapter,474.53,American
82432c91-4a45-4911-84c7-d955883bad27,Optimized 3rdgeneration productivity,731.82,change
229e1c75-b7a1-4761-99bc-3719d44b7137,Triple-buffered asynchronous success,468.72,fine
e2daa56d-3100-4f87-8d51-04450fa894e0,Re-contextualized contextually-based superstructure,573.41,your
6780f6b2-7126-482b-a06f-59448a1de477,Enterprise-wide system-worthy structure,836.06,something
be532c86-b143-4e60-b27b-12d713345364,Optional bottom-line hub,279.59,anything
d6889689-860c-4863-aeb0-c8fdc3967f9b,Future-proofed client-server system engine,786.95,floor
4d5897b5-2a14-442e-8c3a-d686b5a28152,Exclusive even-keeled implementation,957.58,everyone
8cb5903b-c7d3-460c-9426-4f1bc6dcb925,Face-to-face leadingedge standardization,757.00,attack
ad61ed87-5b67-402f-a23f-0fa0a032ef23,Ergonomic mission-critical synergy,360.03,produce
beb6f978-b601-4a01-aced-c922f378a5da,Persistent directional frame,203.81,too
2f359b89-0934-42ef-93f2-3ebd1a6ad731,Mandatory foreground algorithm,520.43,there
4c700fc9-d6bd-4532-ae4b-8527a66e2a80,Ergonomic stable flexibility,582.44,top
aafb003a-5171-41e2-8fa6-66f3bec1be9b,Phased client-driven toolset,924.81,administration
f1114969-bbae-45d7-9d73-a498c27b1566,Inverse contextually-based paradigm,722.97,beat
28434c2d-4c8d-43f6-a5f5-6847e5d38608,Vision-oriented uniform standardization,338.19,vote
6cf18fb2-8fca-4635-bde5-e4c040dd6fa4,Organic contextually-based standardization,284.70,we
74336e1d-2444-4f32-9999-9f90d36fd044,Vision-oriented homogeneous time-frame,173.13,base
04c40680-35f5-46f4-964d-a4201358b78f,Expanded cohesive adapter,551.86,media
a1ef2ea0-5544-41c2-a357-27a5e940ffac,Intuitive bottom-line instruction set,741.96,position
b6e7654c-1f1f-45a1-83f5-71d4a21a9e9f,Advanced fault-tolerant access,224.03,night
d2313e04-7bd8-4f4e-8ac9-6929e2bbe4b2,Distributed user-facing archive,786.33,successful
6047f664-7b97-4ae4-aa43-9a5405f25c7e,Cross-platform mission-critical capacity,589.59,rest
f076106c-acf7-4722-8b55-727a8a4149de,Managed multi-tasking productivity,795.28,realize
4e512a11-b347-4f79-9dcd-1d5552ddea3d,Exclusive systematic protocol,119.36,writer
62ed99e0-d405-438b-b63f-85ea3fd3a654,Networked content-based open architecture,910.24,hospital
7024a30f-4c34-451d-91ee-c3302ecaa6cd,Multi-channeled dedicated hardware,224.61,prevent
df2e7af4-6192-4977-b5d5-890257acddf0,Networked responsive firmware,595.46,happy
4c1d1882-8da0-4315-92a9-e81d75c37ac1,Managed maximized framework,184.38,commercial
8060ed11-224e-4c29-b63c-91c8132b2b95,Reduced object-oriented encoding,808.29,difficult
331a6a60-36e9-43ea-946e-0f9c59f70551,Synergized full-range protocol,933.95,program
cd8e5493-0acf-4d72-b82d-4a0691ad8ad0,Virtual reciprocal support,491.10,ago
2cacc5d6-2d1c-4dd7-b3f5-2d09be1945bd,Devolved zero administration challenge,602.23,hair
090cf9fc-6269-4307-beef-ff91847d9e4f,Persistent reciprocal concept,196.74,stock
a78e7d8c-3128-44d4-bb13-89a69d18a5b0,Focused encompassing artificial intelligence,989.98,read
62fcab33-323b-4cd6-9c5e-3429e2e6b7f3,Reactive regional monitoring,408.21,actually
f684954d-b1ea-42aa-924f-dad6c35bde26,Future-proofed hybrid archive,977.88,person
850a9cc9-bdf7-4d0c-bf14-fc27b57f9d41,Function-based value-added framework,220.91,certainly
8dfb2acb-b343-4ea9-bf80-cfba374d1476,Extended client-driven firmware,101.65,fight
a9fc9d56-8663-4476-99e9-6843873dc0eb,Grass-roots maximized framework,192.68,who
c62bc2fb-4459-4d25-82ba-7e612f86b81b,Multi-tiered neutral model,431.18,shoulder
f859cc79-777b-4d43-89f6-157f8dc3b069,Quality-focused web-enabled paradigm,638.40,else
b5cb12d4-a216-4737-9d7a-0dcf09b3273e,Progressive optimal budgetary management,748.62,those
5f53bd15-365f-470c-ba53-5904740829c6,Distributed analyzing orchestration,412.90,today
fe8cf3cf-5eb1-4fa4-8178-a9dfb157975e,Devolved fault-tolerant secured line,769.67,interest
bc0d112c-7a69-404c-81ef-d1acb4267c87,Quality-focused regional archive,660.60,laugh
f4294fc3-f18f-40d7-9392-a10c482e6c14,Open-architected radical synergy,224.79,day
34d9801d-95c0-4c8a-9e7d-8e7c315d0c64,Upgradable methodical leverage,254.03,southern
53dc9dd7-e062-44df-b742-683948174d5c,Extended uniform utilization,547.56,sister
c4d36ba2-7cf2-4241-9d4e-c5995685c671,Assimilated 24/7 process improvement,321.48,authority
715d71db-e629-495a-9763-7cc1ab14720a,Vision-oriented bandwidth-monitored hub,584.75,catch
70124be7-ec61-4c3a-a38a-a245dc12a205,Function-based methodical strategy,880.33,political
909edaec-6ba8-4d50-9538-e4fb448cd9c6,Centralized clear-thinking customer loyalty,905.80,that
6dd9578b-cd37-4828-8170-1fa7aa58f902,Diverse zero administration approach,130.20,lay
223db588-c85e-4f3f-ae70-a02ee19b9151,Realigned radical process improvement,221.81,week
fe6e2236-08fb-43e6-a0d7-6d24b79813eb,Grass-roots heuristic intranet,141.14,act
6689790a-4668-41a3-b376-9c28d191dc7d,Front-line disintermediate infrastructure,676.71,development
1f819497-fe9d-4f98-a441-cf56bfd3b426,Reduced grid-enabled task-force,524.33,more
9cc1520d-aaf9-4e97-b4cf-49abad1ba21c,Organized mission-critical definition,631.95,moment
9add27da-d9c4-4b73-8c80-fd4415a5fde4,Implemented multi-tasking toolset,446.19,structure
f8878679-cbcd-4865-b2ff-82e837cf8b7d,Centralized intermediate superstructure,966.46,both
c9d26367-86b3-4d28-80f5-b88878122220,Profound contextually-based intranet,142.93,election
f413f767-12a0-4c6b-aef9-f7158ad21ecd,Networked maximized structure,228.83,different
299504b1-e57a-4e6e-ae95-4e3b298c7855,Open-architected reciprocal moderator,816.02,only
e50e45db-a218-49e5-8431-256ffd3c327b,Quality-focused national Graphic Interface,400.36,marriage
10c3a54b-fa66-4814-9630-70c181f3e598,Proactive web-enabled access,926.66,people
cf36d6c1-af32-4d96-b20c-2cd443d7de55,Customizable national Local Area Network,937.52,walk
07890592-8047-4c90-bb54-804267e50c6e,Self-enabling maximized extranet,542.70,yourself
6eee4b51-19d9-4036-82a1-c40ead6f3844,Centralized real-time hierarchy,192.91,design
6e3cd569-43d8-4a5e-870a-2f466d87cd02,Future-proofed systematic workforce,170.47,improve
43ba8a6d-87f7-425a-93e4-9f1adb62dc97,Distributed homogeneous ability,146.45,stock
5b626b51-e079-4aa8-9683-ab564aacbf29,Cross-platform asymmetric archive,362.47,first
325d135b-29cf-4b4d-a67b-7c1aadad8581,Programmable background product,340.82,along
491125c9-150c-4d3c-9831-1669dcce9bf7,Pre-emptive disintermediate functionalities,768.66,reason
32bb7c42-0243-488d-b3ad-c6a085eb1e0b,Virtual motivating Local Area Network,323.58,itself
3d0d0dc1-b5e1-4551-9667-839c9974d204,Organized zero administration attitude,743.81,black
59670137-e0a2-4f4c-aa55-3d1521d5372b,Re-engineered object-oriented budgetary management,138.80,others
a6ca5df0-ecd8-43cc-bd6b-fb4cdb8d03d4,Future-proofed responsive implementation,816.73,successful
07f1e4a5-a1e0-413f-80a2-84d041cb346f,User-friendly high-level structure,207.74,very
a77d6c8e-e920-4870-86c0-8a594e50ceef,Streamlined responsive open system,436.82,idea
7dad984e-bd3e-4f65-9ac4-4f0a149773d7,Universal composite extranet,834.77,right
85732add-aaa0-43e0-8da8-decfbf61d4c2,Right-sized clear-thinking algorithm,408.36,foot
c7c102b4-24db-49c9-bbbb-77466813c8bb,Enhanced reciprocal solution,242.20,ten
5e8f6e82-49c0-4d57-b2aa-9574ba328324,Integrated fault-tolerant infrastructure,729.96,though
7588eb8e-c994-4eb4-a761-8f448ced6857,Implemented motivating policy,183.50,their
937523b2-32f4-4d6e-a18d-58f89804ed47,Exclusive motivating support,502.23,person
1321f2e0-84d7-46c4-a295-d3e9aa3014d6,Monitored national model,361.54,drug
6ad1a9a2-5001-4073-a453-08b5fc393303,Function-based hybrid infrastructure,959.49,teach
c33a7ed1-8d9c-43d6-b238-cf0e710e9a00,Profit-focused optimizing structure,276.20,tend
a486bc2b-b52a-4049-9e67-125f79617fbc,Open-architected interactive algorithm,241.23,plant
b6f5b22b-063a-460d-82d2-f0f057bcb932,Profound local solution,254.36,if
67133197-bbe1-4f87-8631-800e5d2126f1,Fundamental foreground projection,871.17,deal
b653527b-1685-48f0-9166-fdec7f9e0b47,Decentralized hybrid core,987.48,people
6c6d71a5-8edc-48e1-b985-c5adee691a4a,User-centric didactic framework,166.75,respond
ffcbfa4c-4d42-41e2-b1b8-2407df103780,Quality-focused holistic product,481.92,majority
083c3809-999f-4edc-8304-a2753fd41734,Business-focused bottom-line monitoring,642.53,PM
30c5811f-9873-4f2a-925b-f02c3a4ef57c,Public-key explicit leverage,729.87,recent
99577873-6fed-4f95-97c0-0ce4c419d035,Front-line object-oriented utilization,688.02,everybody
5dc2988d-7546-4c35-8e46-158a0082d499,Monitored object-oriented conglomeration,970.36,ahead
8c23d92c-d046-4964-8006-8e293c51a1f5,Innovative national functionalities,253.60,create
7484b1e0-3f2b-4eb0-aded-f49924345cc4,Reduced holistic hierarchy,115.06,factor
24ec1321-7e64-48f3-ac2c-6fae8fb39549,Balanced background function,752.36,open
9bc545ae-2318-462d-94a0-5212cd0da576,Grass-roots intangible capability,578.30,radio
472b6403-0a8b-4dbc-ae3d-4f7e8cff881e,Integrated empowering matrix,340.00,wife
69663aec-91bc-4e68-875e-7e88a57b0522,Multi-lateral incremental paradigm,101.20,ago
1d77c8d9-4ca6-4cdd-b4f3-8b694582217e,Ameliorated bandwidth-monitored productivity,893.83,whose
c6865352-399b-4649-b01a-8be94986a62a,Multi-tiered heuristic algorithm,918.00,step
ba0f2e57-c44f-478a-89cf-306ce1dbc39a,Advanced bandwidth-monitored moratorium,175.18,front
3c91be3b-fdd2-4da0-8670-acf5878e0a6c,Configurable upward-trending moderator,802.07,possible
f9e35391-9b16-4f0f-bfa7-26809172fb7a,Down-sized eco-centric Internet solution,617.71,paper
cf52b7a0-4867-4d1a-a983-3addb08f9671,Configurable user-facing standardization,373.42,side
6f227aae-3346-4ff6-8256-6956846face6,Object-based secondary framework,916.19,week
4784de76-5faa-44c0-8073-5daf905c82e1,Monitored 5thgeneration flexibility,792.24,treatment
cb3e0635-1ebd-44b6-84d8-70939b804d12,Team-oriented object-oriented definition,284.44,open
9707a1e0-5f4e-494f-b06c-681ffd07ba61,Streamlined 6thgeneration moderator,901.62,individual
7addf25c-ed5e-4cf3-a3b3-b3bb54ff2a73,Pre-emptive 6thgeneration infrastructure,979.43,citizen
d66eba60-f8d6-4a00-84e5-2da7a18fc231,Secured scalable synergy,838.49,class
4e680195-b549-4317-ade6-4aa035cb8e91,Object-based interactive focus group,245.06,thank
df02517e-858a-41bc-bb51-6e9c88391ffd,Exclusive high-level task-force,578.41,send
282a37eb-1d09-4dab-acfd-3fc7c818a042,Customer-focused eco-centric data-warehouse,519.17,off
0c65c113-d8f3-48c6-870e-2d7bd1e0cf58,Function-based didactic synergy,195.99,three
e996ff46-f5ed-442b-8d97-9fb590529e8f,Inverse zero administration customer loyalty,714.23,later
49fc7ca5-549d-40f1-8257-1c313eea4617,Triple-buffered real-time Local Area Network,327.91,human
e126b4b0-0e31-49ed-8475-bd2963435f10,Organic high-level challenge,697.97,agree
d7592007-e33d-4372-a9df-a3c8cbdc65e2,Reactive national functionalities,452.13,focus
81b9a57d-804b-4522-b5ac-56d695fb89d5,Assimilated clear-thinking extranet,791.88,and
014b8277-39fb-41bd-bd8e-e4231898a9a5,Multi-lateral discrete capability,663.79,civil
c0df4a4c-c614-43ac-a6c9-e6d18026bafa,Decentralized eco-centric Graphical User Interface,583.11,four
dc3849c2-ad69-4a6f-9d10-766d8cea4163,Optimized transitional emulation,934.06,maintain
ecf1ba6c-8599-4340-9dc4-4ecf11e377b5,Horizontal heuristic product,560.44,Democrat
85b3126e-11d0-4441-a2db-bc78af1a5b43,Integrated cohesive throughput,137.78,find
09d0eed8-986b-422b-8561-f813493cce5f,Pre-emptive non-volatile pricing structure,794.85,sea
f7641235-7690-450e-add7-43d4d57add5d,Secured 24/7 open system,530.56,two
a84b8366-b7f0-43af-83bf-588057dbc0db,Fully-configurable executive moderator,210.43,individual
22d5faeb-0dc7-4e3c-89df-6a13b539db2e,Ameliorated modular flexibility,406.29,measure
e41fa061-f997-4338-b5c1-f6f10099810a,Exclusive dynamic time-frame,881.48,family
0908a808-c791-4d59-bc92-08d2b87fa791,Profit-focused uniform knowledgebase,278.50,minute
4e4e1d11-68bb-48b1-b6ba-e7c71fc5369a,Decentralized modular flexibility,263.02,spring
ffab9ca7-9652-4b5f-95b6-93b84f7bbf25,Future-proofed full-range encryption,929.59,position
a445fc41-e969-45b4-a9f0-cb5735d3c4e2,Triple-buffered multimedia synergy,918.25,capital
1505ce9d-9dd7-4a15-bd88-e424b6deb735,Phased coherent website,975.42,statement
d234698c-ab20-4233-b1a4-d1fcb254024a,Sharable analyzing intranet,466.22,billion
f951fcfe-aedb-47e8-abff-c219fb1e6983,Persevering dynamic product,454.02,computer
83d17d95-f213-4648-b14a-57768a1142e8,Managed clear-thinking model,529.07,against
df989b03-7a2f-4f76-a459-431bd20a50ca,Ergonomic hybrid hardware,152.63,participant
3bd44860-e613-4ded-b2f3-43365b658c2b,Upgradable 24/7 pricing structure,645.91,our
f345eb5b-a2c3-4c26-9848-a4686a1b9227,Customizable solution-oriented migration,135.26,available
b845697d-315b-4a69-a115-28ba35a5cbb1,Seamless regional website,896.96,officer
4581157b-78cb-40fc-98de-d7c1a5d2018e,Networked context-sensitive instruction set,319.38,together
edca9d4d-d650-456c-9f46-a0550f936cac,Pre-emptive value-added intranet,606.57,red
372ad9df-0cdc-4d9e-8717-3c4b8787cd58,Universal cohesive service-desk,203.47,design
f68e6dce-94b9-40f4-8f33-ab52b8ad32c0,Operative contextually-based extranet,925.57,across
2b5adf34-e200-4c91-83a4-7060ac24e673,Operative holistic capacity,758.82,almost
cd4c6d6e-655d-423b-bd14-3e4a117de134,Advanced heuristic protocol,665.99,usually
107f6a51-c4fc-41ac-b6d3-fed9061a7449,Networked optimal emulation,427.20,least
4c70040e-9d7f-4664-81d9-3f21e05f2f08,De-engineered transitional protocol,614.00,much
0b1c6793-76ab-4045-a04f-f261491b27d3,Progressive 3rdgeneration solution,921.28,loss
954a0597-442f-4e1f-bb9f-0b9c5e7bda41,Pre-emptive 24/7 moderator,606.03,argue
fbbc63a8-b851-4b0d-988b-4cd7d2a80abd,Quality-focused 3rdgeneration knowledgebase,667.95,can
148ca117-e743-467d-be5e-21e0eb53f9bb,User-friendly system-worthy standardization,104.83,rise
bcd38517-ec3e-48d6-828d-b99ec5623fcf,Total intangible archive,656.85,majority
d6897d26-71fd-43be-bcbb-41766851902e,Exclusive real-time time-frame,862.92,grow
bf302135-555c-457d-8fe4-62ed12bc2fcc,Networked content-based customer loyalty,613.15,read
b033e75e-5b8b-44c4-b721-0bc4ebc572b1,Cross-platform multimedia matrix,190.25,scientist
8d96b4c1-e25a-440b-9b23-601c5a245d27,Seamless interactive definition,339.18,model
ab599f54-1bf9-481f-97a2-8b751fe61f07,Visionary mobile archive,435.69,executive
85376c8b-87d3-48d0-ada3-985b325b3de5,Exclusive uniform framework,729.11,type
29320ce3-b96b-445c-9347-6df9f329d467,Expanded uniform monitoring,731.36,he
3da9d60a-9726-48b1-bd6f-fdd2d2f2bbf0,Object-based high-level budgetary management,906.93,huge
f63d5bf6-c65b-4ef7-ac6c-2a0d8913946e,Virtual solution-oriented firmware,152.84,light
86eb3a35-2fa7-4ab2-a70d-3cc11b3bea22,User-friendly zero-defect hub,795.32,represent
d8b02501-a27a-4fee-a7f2-8e962b04b207,Enterprise-wide reciprocal emulation,443.81,story
7bda0e7b-cde8-4907-acb6-a6b194801e1e,Reduced neutral strategy,506.35,expert
18f9b876-66b4-4078-9d57-ff4529f31ef8,De-engineered tangible help-desk,993.46,some
c4dad996-7db0-41c1-9703-9d17bd6a6833,Enterprise-wide directional complexity,303.97,type
91f3b39c-c302-403b-8367-d3dc9cf56464,Re-contextualized client-server attitude,663.09,recent
602f7320-cc0e-4aea-acf2-56acd3b6a44b,Cross-group zero tolerance array,765.51,wrong
61e68fc1-6fe7-42a1-816c-fd52e5d5befb,Intuitive needs-based Local Area Network,170.40,role
74e3d6ab-e4be-4e1e-b44e-c5cf1dffb97b,Multi-layered well-modulated contingency,197.72,set
ab70c650-cf64-4c62-a113-b73d90a2a371,Optimized tangible open architecture,269.56,reason
f894cb21-a26f-41c9-85d3-1467dbe78028,Ameliorated leadingedge service-desk,839.48,down
f0c2aaa0-6207-4254-83ef-c1920c2dadfb,Secured cohesive circuit,317.48,employee
ccd6b735-32be-4010-8fd7-a4a2c5d8e451,Team-oriented mobile collaboration,340.93,sea
a2929411-3fc7-4aa9-87cf-6c78f4f502f8,Public-key systematic implementation,788.52,something
933520c8-210a-41c3-83d7-821547295cce,Customizable solution-oriented system engine,116.49,military
38dc087b-11f7-4455-bc39-0d5272f4587d,Centralized 3rdgeneration Graphic Interface,705.10,determine
102075a9-efe0-487d-af57-1ac7c070f29e,Grass-roots mobile instruction set,546.46,subject
f904848b-9302-4d3d-b7d5-498b62584558,Virtual leadingedge application,356.44,buy
9542d101-2d71-442f-8636-842f111ec055,User-friendly 3rdgeneration superstructure,623.68,cut
2a3db892-d3e4-41a4-a5cd-b8a4b77b26a2,Sharable attitude-oriented algorithm,378.55,area
9c583897-5074-4538-8f8c-e3cd8a4c817b,Object-based analyzing encryption,703.19,success
04958daf-de05-476b-91da-031dbbd3bc32,Implemented full-range info-mediaries,710.18,then
52d0295f-5304-41ff-8d92-3e338e3458d5,Sharable global task-force,800.14,young
1c1759bf-7c4b-4805-96d6-51ce0b2aa930,Compatible multi-tasking time-frame,686.67,about
b761a1fb-5d3e-46f9-89d9-1bf14f3d16dc,Diverse multi-state hardware,548.46,analysis
9b4e5640-2bda-4299-8384-b246af6d95aa,Versatile cohesive paradigm,345.59,finish
09163fa2-6837-421f-808d-bf181faaae08,Monitored grid-enabled Internet solution,795.16,alone
2b81d615-fcc7-4f4e-a83a-6c4241ab1a9d,Quality-focused discrete open architecture,376.67,become
ce085de1-5c22-4f04-8765-1d4ab17bf99f,Customer-focused local monitoring,430.39,lot
638063a5-a7be-4005-b4cb-d211850d5285,Profit-focused executive knowledgebase,401.79,kitchen
b99d0ecc-5e4f-4f9b-8365-9c29b11d29e3,User-centric motivating projection,996.96,few
873e828c-1770-4317-811b-ea304480f993,Distributed fresh-thinking forecast,786.70,your
8c469472-29fd-4e8e-8a28-91851b64b4f6,Digitized systemic circuit,628.97,its
d05f8838-d81d-4bb1-be44-108febea8742,Compatible 3rdgeneration strategy,681.00,central
098051cc-b158-4d5d-a5ca-2d01a3dfe084,Object-based asymmetric concept,560.14,card
b2443608-7233-40b3-80dd-10319ce6380e,Team-oriented dedicated toolset,366.19,party
04356e2c-4e5e-40b5-99b6-7ac8596aacf2,Vision-oriented cohesive middleware,208.77,theory
0507e9b4-1dc4-436d-86bc-e9b505148d5b,Stand-alone logistical infrastructure,949.48,Mrs
7005a19b-951d-4995-8f51-cbcf9bf192dd,Diverse impactful synergy,142.41,none
7a326bd5-cfbc-4869-bc42-ad3585cb0be8,Ergonomic holistic circuit,269.94,reason
822557a7-2521-4bac-bb62-01a987fb4eb1,Distributed zero tolerance encoding,882.92,audience
9648541c-8755-4370-ae6f-cc30d1190f24,De-engineered discrete support,425.13,off
634768dd-0828-4f26-9374-9a1fa93eafc9,Configurable eco-centric circuit,226.43,wife
05ab9891-2d7f-47d8-adf1-e2860a1e5f6f,Focused optimizing complexity,484.51,toward
7fdd3f29-a0a1-4b4f-b07f-c8caf63e2201,Automated attitude-oriented parallelism,586.71,thought
e29874ee-edb7-49eb-aced-1ce21ff8a2f3,Object-based intermediate artificial intelligence,945.40,system
37d97596-7684-43f3-85f7-b8b9d1566566,Object-based 3rdgeneration adapter,279.25,politics
4da00076-7e90-47b4-ba07-ece5b6b6e6ab,Profit-focused needs-based paradigm,781.21,land
a286f9e3-ccd1-4aaf-b882-0bb8cd8c8346,Organized clear-thinking time-frame,221.43,vote
4d92f4d7-e6e2-4641-b830-58f059ec4c9f,Synergized upward-trending encryption,134.07,history
d44bab1a-a75b-41bc-8680-1639a8a3305b,Optional content-based focus group,613.57,new
5bb8e418-b2c0-46bd-a01e-75ff14ccc522,Networked didactic support,602.60,heart
c2695aa8-f5cc-43ba-94d2-df59f4bb3912,Down-sized directional product,950.09,national
a5cf4266-0250-4c81-8e9c-83c971d0dad6,Persevering neutral hierarchy,142.22,available
cfa5554e-ae97-4235-8a9d-9c84757e43b4,Business-focused bandwidth-monitored support,684.94,large
34740429-33a9-4634-bbf9-9111a3a827c9,Customizable context-sensitive knowledge user,211.98,toward
f8b59696-1cf5-4446-a680-738b99116eb2,Stand-alone 6thgeneration paradigm,983.00,traditional
5f922158-c04e-416b-977b-0019e174c788,Realigned bifurcated attitude,438.13,hard
3ea3bf29-4ed6-42c3-8965-af4579903054,Realigned optimizing capacity,302.39,someone
83bd6d17-3b68-4766-84ff-f7f068d85aea,Reverse-engineered reciprocal function,283.78,these
7fef94fe-fe0f-4bda-9c91-d45c0e3f8ff8,User-centric directional throughput,399.56,surface
401ec0e9-020d-4db7-8427-ea52d0cfc731,Fully-configurable national collaboration,506.04,head
cdc6b8d1-2d1f-4570-8ac0-7f59174dc6dc,Customizable needs-based open architecture,340.23,break
3350fd08-7bb3-475b-ab46-3e875cea60ce,Polarized real-time solution,803.77,all
63fc69b4-d546-4488-87e8-798c38610127,Vision-oriented actuating ability,185.16,radio
b06ece21-d8a5-49a6-aabb-150aed69228e,Object-based impactful framework,334.90,however
239a237c-7c0b-42e5-8de4-9300691b0d68,Switchable grid-enabled software,676.91,human
780cd8d0-cb7e-4fa2-b063-3c91e6c46c5c,Phased asymmetric algorithm,304.68,pay
f84e8924-f8ce-49ce-bfc2-23c8b3e9761d,Visionary real-time toolset,149.54,determine
9282d6f9-3217-45ed-ae28-5a2ccf08db52,Ergonomic radical open system,229.70,group
231fa451-8066-459a-8c53-789fafffd35e,Balanced eco-centric analyzer,783.64,sure
a471aba8-1403-41ee-9c6f-828e9facd8f2,Decentralized needs-based superstructure,242.44,deal
5d2f2744-8779-4654-8c64-e025fb4f5fe1,Programmable 24hour collaboration,759.72,Mr
da6cf0b6-1f35-4034-bce3-bc8414f51f36,Fully-configurable value-added budgetary management,904.48,anyone
360680f8-ecec-4260-806c-b1ed0f96eef9,Open-architected 4thgeneration initiative,967.16,your
00fd79a5-8261-4eb9-9d10-b9de35e61e46,Phased real-time service-desk,560.31,poor
600b116c-0417-496f-93de-3a935469e024,Managed responsive project,635.31,lawyer
6fff9d15-481f-4bff-a2b6-11fa9cab4097,Reduced actuating leverage,629.30,will
7d1de4d7-c21f-4445-9b13-5ce5685b392e,Organized tertiary knowledgebase,661.83,customer
28e3a1a6-3f7e-4bf9-af2c-3de819c369ca,Advanced clear-thinking methodology,492.88,international
29878169-46bd-4287-944d-aa15b89527d2,Persistent contextually-based complexity,494.93,although
d8faf122-ee0b-4b37-84a4-b498c1e9c78e,Synergistic hybrid solution,527.30,apply
3d174485-becc-4c05-896e-f66c90d2ef12,Down-sized background hub,389.54,bed
8ef7f4a4-fd03-4e9a-b9eb-1f65267b764c,Object-based global function,525.12,other
ee57294b-b1de-4a17-a742-0089a81c4891,Programmable value-added service-desk,493.73,partner
9f1dc7f0-3d7f-4fbd-a31c-bada3574c900,Self-enabling modular analyzer,682.87,single
f53eee2e-dc89-4dfb-9f70-4b9dff6223c8,Phased exuding data-warehouse,838.41,market
bfcd5c0f-8c7a-42aa-84ed-342f2cec9ac7,De-engineered hybrid secured line,381.51,reduce
586b63fb-0d89-43fa-905a-58eaf8352f4a,Pre-emptive incremental array,791.58,improve
b37580b1-e3b5-403f-a6f3-b293e0139292,Open-architected systemic synergy,790.94,enjoy
1c071ad1-36b6-4d26-98f4-3a6fa3231f39,Mandatory upward-trending utilization,705.43,ready
ae1172d6-782c-4109-9ba5-a2d099ca6e0f,Triple-buffered methodical hierarchy,431.13,own
60ced620-623d-47d8-9358-889c71ec98c7,Object-based stable data-warehouse,108.40,set
f8fc84c7-1a3d-4733-a0b2-56af856771a9,Diverse systemic utilization,711.83,both
614bfc92-ca42-4d43-a9ef-098c70b7f7a6,Right-sized secondary emulation,444.32,everyone
cb12a998-e4a1-4507-abff-4745048336c6,Streamlined upward-trending protocol,198.38,listen
c3f08d4f-c825-470c-90a9-1a60925e7882,Diverse maximized structure,948.21,theory
8a2d3d6b-e0a7-4ca2-bb70-b96f7b594717,Secured dynamic hardware,727.83,central
b9876f32-ddf7-41e8-949a-000f126e2a97,Cloned asymmetric pricing structure,305.25,save
9f56fe23-c228-4678-bcb7-a8a08a9c5ae1,Seamless client-driven open architecture,277.94,television
77f4d405-84bf-4f28-af42-e92f071ced6f,Pre-emptive holistic system engine,215.09,bag
3115a3a2-aa84-4724-898c-687720e4135a,Stand-alone explicit info-mediaries,309.05,respond
45854aec-a601-41eb-9ecd-a66bbbcd750c,Total eco-centric product,146.87,church
f10efc96-e8c7-41a2-9267-a509d88b0900,Universal uniform model,519.78,Mrs
7894437c-3d92-4a21-8051-1dc13e776e52,Virtual disintermediate standardization,508.59,drug
f4448302-4caa-44c4-ba70-b52dc0bfdcec,Expanded analyzing artificial intelligence,617.38,operation
771446a9-632a-4be5-8a2a-086e3a17c591,Self-enabling multi-state portal,999.56,once
04b1b876-3184-45f2-950f-0b41dc35c0bc,Multi-layered bifurcated encryption,515.66,live
05acdf99-afb4-4bf5-8c81-ccb74569839f,Synchronized eco-centric hub,774.54,middle
ad2c8504-35df-4b4a-a1ec-671870fe8206,Synchronized tangible synergy,127.37,stuff
0f27c1e2-85dd-4020-9f39-57760dbf90d1,Multi-channeled bandwidth-monitored model,286.12,personal
e44e107a-858f-4f81-8759-b42f174493a7,Business-focused exuding attitude,719.89,argue
29ed1635-436d-460f-a846-c1c18a947120,Self-enabling attitude-oriented analyzer,636.65,game
1a320f2d-c79a-4e84-9549-fc1d8ca3e8d4,Networked well-modulated parallelism,295.42,oil
8cc5ec11-9a72-4f97-bad8-de824878615e,Focused multimedia Graphical User Interface,103.77,newspaper
88a4a9ae-19b6-4b60-a4df-4a2d1522f729,Ergonomic optimizing conglomeration,730.09,job
eac68ebd-3346-4b23-ac82-9e9165f8e569,Reverse-engineered cohesive superstructure,112.88,make
0f7709fa-e24d-4189-b31c-56ce817bd7cf,Adaptive maximized focus group,697.11,toward
e074c381-049b-4075-9757-5bc2ddce4468,Expanded 6thgeneration workforce,110.46,catch
4e0fcbf4-76ac-4edc-aedc-f541abff872f,Distributed non-volatile encryption,177.93,suddenly
92252f43-162e-4151-8851-176267735f6f,Face-to-face hybrid function,615.56,test
43c8bc88-aa9c-4ac1-83a5-dcbf6dc03b24,Future-proofed static matrix,452.22,system
31c3bf67-e037-45fa-8ea6-ebd5a891a2b8,Synergistic non-volatile Local Area Network,747.75,west
70db7465-d6a6-4c88-8670-54c2daf437c4,Operative asynchronous alliance,474.11,director
aa0a6714-cee8-4429-bb7d-39fce3a66f48,Seamless asynchronous analyzer,197.41,before
2ac1dddc-3b98-4787-bda9-96614f536315,Focused intermediate parallelism,387.53,large
3dc04dcd-30b2-41fc-9a92-e18be12c5c5e,Cross-platform well-modulated time-frame,802.44,why
1b81d927-6bf1-474f-b966-44e7ddf8daeb,User-friendly value-added firmware,746.53,nearly
a9d6bd10-4f4e-4bdf-8caf-e61f94127ae6,Expanded maximized methodology,315.52,mission
76993710-569f-4303-816c-d4f9c2a5fc89,Networked multi-state analyzer,901.75,result
8e66ab8a-7da9-40dd-b27e-90ead6813689,Reactive upward-trending benchmark,801.22,family
2be1164f-4ecd-4aba-8be6-51ca79897398,Organized responsive throughput,349.46,their
99fd7c93-aa2a-4ef3-967f-97889f91e761,Robust radical capability,898.22,site
44e21c47-df2b-4758-9f62-522b8c13b5e3,Inverse client-server protocol,166.11,government
3d27fe77-637d-45e8-8057-8e1bfb8ce64b,Multi-lateral web-enabled instruction set,473.56,art
cda0e4de-6c2a-4fa5-b1e1-f8cc0dbeea6d,Cross-group high-level Internet solution,168.13,whom
1e9f8e3a-1b12-4fad-9972-35e024660e6b,Synergistic mission-critical paradigm,207.77,story
2b64e817-2649-40de-b85d-7cd34bc5077c,Virtual 6thgeneration moratorium,324.85,admit
fb583eb7-ea0f-4130-a896-ab169049ac4a,Cross-platform homogeneous architecture,661.25,fall
5b47b310-baf6-4532-b754-176bcf741be5,Right-sized modular product,426.17,career
58cd1c9e-b8db-422c-b3ee-1f069447e83e,Right-sized grid-enabled archive,804.03,federal
35147e16-08a7-48a4-980f-854a90125b7e,Function-based 5thgeneration challenge,735.27,street
22e1ef20-7179-4114-907f-9d7a575664e7,Digitized maximized solution,650.43,southern
df8da7c9-9094-406e-8802-a1e4d8180172,Team-oriented bi-directional architecture,381.66,add
88d44406-75fd-4d55-b7b1-17ba62f552f7,Down-sized 4thgeneration architecture,151.33,himself
c26cd44e-866c-4e89-896d-1bbc56419c10,Reactive human-resource workforce,128.15,reveal
ba1c3cc0-8885-43e0-b5e0-885d701f0486,Cross-platform analyzing capability,823.56,around
38736881-1eca-4069-a2a3-75aeea2fdde2,Organic incremental help-desk,737.68,sort
69025459-4b77-4434-966b-f51a946438ef,Reactive coherent success,534.07,smile
0688e509-04a8-4cdd-840d-59ae35b62d23,Sharable executive intranet,455.25,worry
11dd4b53-ee85-4643-af23-97cca34cf3c0,Stand-alone 3rdgeneration database,493.96,theory
206acbc1-f76b-4ce5-81f3-653292133a8d,Ergonomic mission-critical complexity,432.83,wide
4d1675c6-11f6-47ea-a78a-21dbad64b1c0,Seamless optimal solution,170.75,itself
54f9e63e-cb24-444d-803d-64ce31361ec8,Mandatory bifurcated database,787.69,television
e69deaae-ef55-4896-89f3-4052f439bc17,Switchable contextually-based artificial intelligence,601.13,no
a04a2764-db07-49fe-ad0c-d6d3ee8a9302,Balanced real-time hardware,279.20,board
2fff77b1-235a-443e-a231-c955ca30479a,Reduced solution-oriented infrastructure,915.48,card
5b7bbd3b-646d-4a39-9c91-92b5bba98324,Universal modular methodology,243.77,business
91348dc2-d620-4251-bd9b-f9577cd500bf,Customer-focused systematic website,433.92,identify
4eedeb36-8b45-40fe-a9b1-6e77bee938c6,Object-based bottom-line instruction set,820.20,resource
f8fd0f05-7235-4c55-bfe5-d591de26b58f,Monitored composite orchestration,545.59,indeed
e7169536-fe24-4ed6-a413-4da74b36f9cd,Fully-configurable optimizing time-frame,471.38,try
c8ea07a5-3d3c-4f9b-ab41-2b7376ef0002,Reverse-engineered well-modulated approach,397.98,consumer
9a8f9a4b-19d8-49f8-8397-82b976d20bad,Organized heuristic installation,106.02,term
a303dbcb-d701-490c-9dca-75b0e22be61a,Focused real-time function,930.71,throughout
9e8dc49c-9ff9-4187-be84-003b2b340df4,Right-sized bifurcated challenge,404.40,make
8e58178c-d047-408b-8cb5-8e951c58ac02,Robust intermediate pricing structure,761.39,finish
82655f19-84d8-4d54-a877-b66c0fa77bc5,Robust scalable capacity,826.12,eight
ac4631cc-4801-49ea-9b68-d37030a928b8,Inverse static leverage,783.19,else
aca6f86b-ab22-4904-ba3f-78a2fcc4bf5e,Organized bi-directional function,652.06,tonight
405c5958-5d13-4b8f-9095-c82e451ca902,Open-architected context-sensitive system engine,957.07,note
0d518576-f9de-49be-8cb2-675581cf6428,Down-sized asynchronous moratorium,466.66,day
2d8094c3-366c-44e2-b2ba-689feb5ed6b7,Customer-focused even-keeled implementation,229.15,forward
26a2a72a-d1ab-4ad3-9030-049f740db89b,Cloned radical circuit,980.19,task
86bfbcc3-3f2c-42a4-b1c1-025170d7d036,Managed cohesive pricing structure,934.63,those
34e31479-90e2-4c51-ab82-2440d0ab53d8,Enhanced next generation Graphical User Interface,373.11,guess
1c54272e-9284-4788-885c-d56da3cb8c23,Grass-roots responsive methodology,594.43,design
2cff24e6-6492-43bf-bc71-61cc73e3ce72,Diverse maximized moratorium,900.05,discussion
25413b4c-f007-482d-ad93-e6edf3f4c196,Polarized multi-tasking service-desk,171.77,goal
0bd0d093-8dc6-44c8-be90-144775208d7f,Managed empowering neural-net,551.70,require
65ecbdc5-9161-46cf-900a-e34a57143f0f,Switchable background definition,204.94,floor
bf494084-57b6-4882-a253-1ac8616669fb,Distributed fresh-thinking firmware,482.28,also
967183ad-10f2-48b9-991c-e673cbea2ca1,Profit-focused 24hour hub,768.00,operation
74ca7221-368d-4326-864a-2d843b24739b,Ameliorated solution-oriented encryption,250.75,high
d3f47736-34ed-4b09-b9f3-2aa8829b550a,Business-focused next generation array,256.05,paper
8b3af1df-263d-48b9-b0c3-49e21a0212f2,Organic real-time frame,961.90,however
f695b788-c2fc-4545-9190-9fdd6c6fd1d0,Function-based disintermediate data-warehouse,133.97,cup
dfe70ff4-0b40-47d6-a223-ef69c5812931,Total mission-critical moderator,311.04,also
af52ed46-e76c-44f0-a5fa-dccfd65f4f3c,Balanced needs-based knowledge user,429.45,ever
67bfc535-3ecc-47b4-abb7-9dc4d8002802,Fully-configurable attitude-oriented focus group,531.75,economic
8eaca3c9-ca4c-49d8-9c94-28d8cf613b41,Re-contextualized 24hour framework,243.57,maintain
19fe5d31-921e-4f9b-8ed8-bffc4196935e,Progressive next generation application,411.91,trial
3c57f062-3476-4ba7-a1cf-21192f19b086,Progressive tertiary process improvement,332.56,my
e5f57584-9443-4ff5-8369-f940dd90d746,Multi-lateral bifurcated methodology,617.11,current
4822d30f-1ea6-4e04-a733-690ad591691a,Switchable directional adapter,380.11,black
cdc2296f-2a85-4d23-8a78-9f9f66409d2c,Multi-layered reciprocal alliance,205.53,music
702b6d40-2543-4eb3-94bd-d4a6b319bd4a,Right-sized analyzing productivity,736.92,good
5e33414e-c02a-42d4-b6cb-3167674a7a59,Horizontal leadingedge website,339.39,pressure
58c8039e-26c6-49f8-a727-725d1d9ddb57,Robust maximized Graphic Interface,848.81,himself
d01fe9f4-216b-450d-bbf7-84717436916c,Secured hybrid parallelism,918.97,machine
65e1d84e-c581-4906-a721-569e0e12b000,Programmable bandwidth-monitored moratorium,559.54,PM
3b2c06b9-f911-4592-a129-ba49d01449ec,Organized actuating knowledge user,839.30,born
3740f505-e0a1-4116-a940-4599c5a3afe2,Business-focused heuristic hub,897.68,professor
a1582dbb-3662-4991-b4b4-6641b17084b3,Innovative bottom-line system engine,730.79,born
797fdf86-188d-4a9d-b0d8-34723003f0a8,Team-oriented regional utilization,229.26,international
12366ce9-3149-4e9e-943f-a638d8884fad,Distributed grid-enabled core,837.17,heavy
6f6b8d9d-6c55-4e1f-b65f-a0b89c3cd45b,Secured exuding groupware,276.54,arm
a052beda-8e05-47d1-b7df-c7631228a968,De-engineered hybrid installation,164.28,other
bf054c84-a8eb-43cc-8157-912ad8a81753,Total 4thgeneration success,301.51,professional
083568c9-7468-45e4-aae5-8033a9e5da6a,Profit-focused methodical circuit,226.80,building
313895fd-211f-405b-96ea-02e62ab790c6,Multi-lateral cohesive capacity,621.04,heart
9395b703-6849-41f7-bbc6-ae7605fb01f8,Decentralized impactful projection,467.84,star
80b92dd0-ec97-4de4-b218-7b19f7f1fb23,Open-source client-driven knowledge user,520.77,research
0c9ae4aa-7f09-4fb6-9765-1af8914ebdd2,Vision-oriented uniform time-frame,911.52,add
6d756071-6c26-401f-815c-5b053fd5d48d,Public-key mission-critical productivity,160.14,address
58b1e0dd-56c4-435a-a649-9aa1441857f2,Open-source bifurcated help-desk,793.70,he
440b2caf-b3a6-47a6-bd44-2c86a5824bcd,Fundamental radical throughput,739.35,arrive
2730a462-048a-450f-97db-5a8612a822f9,Proactive radical synergy,449.56,weight
0e827200-eb66-4f01-9ebf-a5bffbefeedd,Grass-roots grid-enabled framework,108.38,peace
1bcd79df-453f-4d1d-8e3e-3bee847863a3,Re-engineered exuding utilization,752.73,response
7a040de4-1972-4dca-b699-dd34b2254841,Organized fresh-thinking paradigm,993.84,wait
05fba24e-84ba-4b9f-9959-cc15221b5b64,Seamless neutral access,466.58,single
42e16d28-2583-465c-b33f-ce5dfc826efc,Streamlined demand-driven capability,506.71,student
f97ffeaf-45fe-4be8-9c10-23aed5ed15d5,Reactive composite architecture,953.45,there
96dfc3e7-f447-4e78-b1df-d9e6f01b65ae,Customizable even-keeled flexibility,306.85,shake
6f9b18ab-93d3-441b-a03c-359a0f7c6793,Cross-group 5thgeneration intranet,600.40,situation
5d02a739-5958-4ec5-9f98-17054e9eb5c3,Extended logistical customer loyalty,425.57,media
a984b206-26fd-4429-85cc-a82013b2140a,Expanded modular matrix,697.84,entire
ec14ea9d-6e9c-4266-a7e3-39c920673cb4,Customer-focused uniform matrices,985.33,nature
839aa8c9-846c-4ef2-964d-93ac775813b6,Visionary composite time-frame,131.38,though
895735b5-d521-442c-8dee-ebd854ebbedd,Object-based cohesive task-force,779.25,man
b4ee3096-b042-4be7-b90c-a8931eee8ee0,Monitored actuating benchmark,781.58,sea
fc385013-96f8-4bf9-8f46-199ca48282e3,Exclusive intangible collaboration,117.98,measure
558c0164-e366-4a33-a994-17e498f9dc6a,Intuitive 24/7 encoding,981.16,series
51e2ce65-e15a-461d-adb4-ae4bd714edd5,Synchronized dedicated open system,770.29,even
6d6f9535-5e11-44b8-b197-7840ffed6c57,Robust multi-state open architecture,819.20,itself
eff17607-2d8f-4308-92fb-ffc9b03e3f9d,Virtual mobile approach,828.22,boy
dcd992a2-95ae-4264-818a-f9ae5896d76f,Progressive interactive intranet,208.93,future
4eeeedb3-0fd3-43bf-9561-0c5f527c7d25,Optional 24/7 conglomeration,910.68,word
c2255eda-4115-4b61-a709-8f2ba2432ee5,Virtual intermediate benchmark,807.40,almost
945a1134-72ce-4825-a0fe-d9d22f94940f,Triple-buffered incremental benchmark,153.06,maybe
7bf2d312-ea4c-4977-a256-74d7e5cd2b92,Programmable full-range info-mediaries,644.41,run
1d4fc715-e34e-40ee-b60e-e3b22b8930e4,Inverse zero administration migration,558.04,table
bfa546fd-c99a-4503-ab68-acb3e7a1b417,Cross-group zero tolerance architecture,782.13,political
59c6220b-fb62-4e6d-9ae5-e2c5cbdb3518,Secured interactive open architecture,986.63,task
25067f5d-c981-4814-9fda-f43a862ca828,Face-to-face multi-tasking groupware,951.32,prove
8a2ad6a4-7759-4273-a89e-1cd4c3b00363,Versatile hybrid moratorium,754.36,receive
34815831-30cd-463e-8c99-ed6ad4ca5363,Synergized global contingency,143.73,respond
86f1b975-e4d8-45f6-ba85-93762a44c411,Distributed contextually-based customer loyalty,701.41,race
7ac753f1-1fa0-4662-818a-bc1638434585,Mandatory intangible framework,223.78,beat
1eaac2ea-3504-4d10-a5fc-74311d9fe523,User-centric analyzing forecast,523.50,drop
8973b205-d884-4995-b74f-c54242dd4d00,Diverse multimedia project,210.94,worry
15c110aa-53db-4b7d-9118-3ca59ef856b9,Compatible optimal complexity,254.15,bad
d07b047e-4c98-4336-9776-46cc274b6352,Function-based intermediate workforce,408.61,us
269ace2c-688d-4186-aebc-a325e56533b6,Fundamental composite system engine,208.09,a
65863d0b-e56c-4e01-b70e-4200456cca90,Virtual bifurcated moderator,306.35,push
11a872f0-98f0-4816-8a02-f359fb0198ea,Realigned bandwidth-monitored emulation,945.76,enter
cd6e0358-4868-4567-8670-a32a2936f911,Customer-focused bandwidth-monitored matrix,572.61,coach
a239adfb-48fd-4d52-b5d9-a6ceb42c0a34,Stand-alone reciprocal capability,677.39,artist
2f179788-8c62-42b7-afc5-bb86dce87949,Compatible explicit protocol,320.24,really
4af598bd-1f89-4f5f-8fa7-eab213d06baf,Assimilated multi-state conglomeration,134.38,we
da450242-dcd7-468d-88f9-233de1946a5b,Balanced asynchronous superstructure,272.22,send
6666ea15-206e-4dd7-856c-5f6266025c90,Grass-roots systematic neural-net,593.60,single
82497f06-5010-422f-ab05-c9ba6e1eaf6c,Business-focused maximized encryption,839.23,change
46d3d06a-5296-4b25-a1ec-1e2dd69dd8f6,Vision-oriented mission-critical moderator,954.95,agree
2e93b968-dbcb-4981-8953-b7777aa60117,Total solution-oriented circuit,641.85,unit
e745f98a-a018-4231-b32d-2e3f612a20a8,Centralized local matrices,868.41,believe
06774951-9a21-41e4-b0a1-a0369d95ce9c,Upgradable tangible process improvement,548.39,avoid
1b0d6742-1da0-4591-a4bb-4da4bcba1d32,Streamlined hybrid pricing structure,616.31,want
b0d3e304-b986-43d8-b308-257f0c019761,Digitized tertiary firmware,216.28,black
7324aa36-05c5-415c-b705-389bbea04884,Fully-configurable fault-tolerant archive,890.79,public
2e92bd2d-36f4-440a-956b-951509ec061b,Multi-layered context-sensitive leverage,446.98,hope
56004910-77c8-4047-9fe9-167fa99a9c87,Inverse contextually-based ability,220.48,arrive
1a01b8b9-1c3e-4f5e-a40b-8352ffd19374,Horizontal mobile system engine,759.67,start
151c9893-e3f7-426b-846a-98e03d9f44f5,Diverse optimal knowledge user,808.81,act
c0a2206d-27e1-428a-8cd2-e68767b48fcf,Horizontal tangible knowledge user,997.81,expect
8a8839f9-5b5f-4931-a582-d915cb86dffe,Customer-focused needs-based definition,914.66,west
c5ac0da9-4fda-4a65-a409-8b4490d80f74,Versatile high-level collaboration,734.48,heavy
6b619480-9ea8-48b3-a343-f1e7545bd160,Enterprise-wide methodical encryption,908.33,two
2ed86803-2ed0-46ad-bdd5-84d761b4170c,Devolved discrete structure,782.54,policy
7a22ffca-aa22-402c-8f6c-9d4dfe9371f2,Robust foreground array,613.45,address
e5698b98-6db1-4e26-b59c-38943617002f,Stand-alone reciprocal service-desk,685.97,itself
5f766b46-afe5-413c-8b7c-77f52b877b3e,Pre-emptive 5thgeneration standardization,808.04,present
bcbbbeb6-1202-4ff2-bb05-fac2ed99c42d,Profound heuristic encryption,166.15,well
e3f971eb-c20d-422f-9067-d25990321749,Right-sized reciprocal project,350.37,approach
38715797-7567-42b4-a689-5169f5faea8d,Expanded upward-trending access,110.05,board
79648a56-876c-41e3-b045-69192dcb4099,Phased uniform framework,488.54,ball
5391aba6-1b0e-4e9b-bd4f-75da67c642e4,Organized motivating implementation,396.84,read
479d8ceb-7a2e-47fd-8c77-111953fad6be,Seamless full-range capability,661.46,thing
06c63198-cfc5-4830-b572-c82aa092a1a0,Multi-tiered upward-trending intranet,218.52,game
05dae79a-8f49-441c-8f2f-3959852656cf,Fundamental bottom-line database,342.81,lay
ff1177bc-8aba-4c1d-a524-f00341ee4cda,Devolved leadingedge forecast,867.58,seat
b50b7c1d-9f9f-48dd-a312-0ef2e41d7952,Intuitive high-level encryption,324.97,produce
04bf8201-ab33-4edb-95a2-1eb8f271b14a,Visionary attitude-oriented contingency,661.29,present
8e3c7b5a-392f-46b7-a300-63337b3f21ae,Enterprise-wide hybrid challenge,935.34,continue
b3648535-0088-4fd5-a0b6-0ed36e2c2cac,Phased secondary protocol,619.83,actually
b10c89f1-f0a7-4baf-a075-ec55a2446c75,Exclusive full-range artificial intelligence,738.33,some
de954f93-fea4-44f3-86b4-d0ba29c6d923,Multi-layered scalable neural-net,206.12,whom
17c3732f-cb21-4359-8862-f0f4c3f20ff6,Phased 24hour open system,408.09,partner
6981f00f-5d58-4559-9f73-b79449542209,Intuitive 24/7 protocol,509.29,social
849c441b-24e8-4445-bde8-f8a2dc997314,Decentralized secondary interface,115.01,traditional
934bba9f-300d-4fe3-bb28-1fe3ba68d869,Multi-tiered zero tolerance hub,423.07,cultural
1178afe6-a0cf-4de2-b5f3-8ff5024a04d7,Grass-roots client-driven structure,133.72,wonder
06a5bf34-4d2c-4502-8b28-ae8811d92e10,Programmable value-added adapter,289.96,herself
74a1e476-ffdd-4103-abdc-dc45134d208f,Distributed mission-critical hierarchy,563.30,call
dc17c762-08e1-44fd-9c56-f5a320bd493b,Down-sized transitional task-force,124.32,character
9cdbd337-1f63-48da-afe2-80e671595f1a,Stand-alone tangible encoding,452.91,should
8d494aae-0b26-4d84-9e98-3bafa9c58b55,Ameliorated modular collaboration,240.53,recognize
85fc8545-ae79-42f3-a5e9-5c196657d374,Operative 24hour product,184.36,summer
325a3574-5b58-45cc-b4df-4209f41678b2,Organized 24/7 task-force,455.27,simply
85066c0f-d7e6-4824-a1f9-075b4b321abd,Operative 3rdgeneration infrastructure,508.90,TV
5533d3c1-7423-4d2c-b2d8-446541b68fce,Customizable foreground artificial intelligence,488.89,record
d6466cd2-958d-4216-a8bf-d61da1e6a5e7,Face-to-face uniform artificial intelligence,816.50,become
0cc6312f-cb2d-419d-b803-d9c43312ffb1,Total full-range pricing structure,981.85,toward
c88e101c-5335-4a9c-b465-34851e0a5c9b,Pre-emptive national toolset,256.34,garden
2edc39db-940e-4735-89be-af193f5967d8,Digitized needs-based functionalities,394.34,effort
0816fcac-5056-45e2-989a-03fc2c470f8e,Virtual clear-thinking analyzer,187.16,economy
4a0e2ad5-6b43-4953-aa03-e6a96c2e2afe,Triple-buffered bifurcated throughput,618.62,be
bb8d13e4-1fe9-400c-b430-dfc0752b29a0,Public-key real-time info-mediaries,253.51,carry
333afb10-42d3-4076-86fd-02122d4dd5ca,Assimilated bandwidth-monitored matrix,551.38,face
5cb8c816-2f67-40b2-bc3e-78dc35fc9c93,Right-sized fault-tolerant core,295.76,break
12dd0108-77a3-4366-a3d4-174305f913d0,Focused bandwidth-monitored time-frame,345.28,arm
e74faf79-aea5-485f-9a5e-1232ee885e98,Future-proofed exuding focus group,931.07,dog
80916ccb-d4e7-4410-9cd4-5312dba24748,Adaptive encompassing application,453.71,event
2cdbc021-542c-4bca-8d6a-c968822ebcaa,Assimilated value-added structure,231.05,admit
2371c03c-2b48-4c8f-84d6-57ebb2907177,Vision-oriented real-time monitoring,113.69,commercial
f9a98342-7108-4963-a88b-3d63f32eb613,Focused bandwidth-monitored software,770.29,claim
66573d69-d401-4974-a77c-252e9f189ce0,Inverse tangible monitoring,661.82,rock
06cfb876-7170-46aa-881c-e39d77654bcb,Digitized secondary help-desk,134.89,sing
24bbe374-79a8-4eac-9a3c-301944c35345,Balanced tangible access,908.21,hour
284d88a2-7721-477e-8df9-24d0c8c61c10,Switchable heuristic process improvement,413.87,summer
aa4d492b-ec7a-40cc-a38b-b73a62ce2f2c,Monitored well-modulated matrix,375.84,evidence
0096de4c-013e-4ccf-a817-ce9fc7e7bb87,Virtual zero tolerance Graphical User Interface,623.23,accept
7d79adbd-8e4f-41d2-9292-f36af659638b,Open-architected bi-directional parallelism,352.97,movie
d68de8b6-9c92-42b0-9c13-5c99dc7eb4de,User-centric impactful focus group,388.65,successful
8149c585-5ac9-451b-8d59-7d7361f7dce8,Adaptive contextually-based model,301.97,loss
1de3972f-fcda-4d48-a408-3bb2e7273fa6,Customizable value-added leverage,511.02,door
e3e9cbd1-a486-4810-96b1-c9d08e3cf5d0,Sharable holistic paradigm,953.40,public
e501239e-c24d-43ba-8878-8f8857017760,Robust modular neural-net,505.23,buy
099fb20f-3235-4f6b-9026-8ac305f3ad68,Cloned foreground hub,978.82,after
54ed577b-31ba-4b85-8f81-ed6c101562be,Cross-platform tangible Internet solution,379.71,newspaper
c01ed10e-dd1c-457a-b785-cb048b88e25f,Reduced tertiary application,406.61,experience
d476e614-5f6c-414e-9e79-c90be343025f,Business-focused optimizing model,725.20,media
a0f4dcac-f333-4598-a2ed-5fc1f541f6cd,Persistent background core,128.06,mouth
f3acb507-ec56-4202-86d0-926f6fd77983,Up-sized background system engine,345.74,article
baafd75d-8218-462b-906d-941a70b217d7,Self-enabling bottom-line extranet,153.78,real
83e3a30a-02ed-4b97-9134-bf2e17b8b312,Sharable executive focus group,961.30,bit
7dcc0072-8e61-45d7-907c-293794010ee7,Centralized dynamic website,791.91,full
b3649439-f42a-4505-9283-e53f6a270b60,Digitized directional hub,435.06,team
2eb791b4-0da3-49e8-9794-3a0abb70fd77,Diverse bifurcated Graphic Interface,716.67,though
3ae295e0-913c-453c-b186-d96e0b50c86d,Balanced demand-driven firmware,914.85,by
f4e9769f-1c8b-4dfc-b6f4-1349895f2cee,Re-engineered hybrid website,792.16,trade
c12f13f3-aa24-43c2-8147-b1bc4edc8dc6,Profound composite orchestration,601.66,bank
5f7bd367-8cf1-4478-ad60-c7fa0d588a27,Ergonomic transitional migration,778.43,brother
1032cc20-7d37-4586-9fdb-c81164bc81fd,Distributed tertiary Graphic Interface,614.14,card
ebce473a-c9f9-404c-bc84-ab3546f6fb6e,Face-to-face stable utilization,953.74,year
e27bf22f-b66f-4ed1-b0f4-2c32f702b01c,Re-engineered 3rdgeneration core,199.69,skill
8289b9e8-77b5-4fa2-83a7-642537429c1b,Vision-oriented holistic analyzer,900.85,benefit
1bdbe3a8-ebfd-477b-8cfb-6cf350ccff3d,Grass-roots user-facing neural-net,428.20,say
af6777a4-744f-47dc-9fbf-4551166e84a5,Digitized didactic focus group,281.03,dark
d5401aa9-dca9-4af9-9b66-086fdc711eef,Digitized directional knowledgebase,350.22,degree
78774bb4-3e28-487b-a54b-9873e7c65870,Synergistic actuating alliance,230.37,condition
1ae35f85-e893-42c4-bda6-dc7d218b5cbd,Persevering incremental framework,126.73,laugh
d0134cac-a40f-49e4-a2fd-7f8b362a687b,Extended heuristic concept,679.08,follow
43866a75-a7b9-42f3-b319-c26b647d6016,Switchable 24/7 synergy,147.29,some
96cb0282-69b4-4e5b-a322-fb3561268045,Decentralized bottom-line adapter,780.41,focus
6c5543ab-4c2d-4362-ab7d-01792fdf42dd,Open-architected didactic open architecture,940.99,leave
ebab0149-f686-4537-87da-e6b86a8d597d,User-centric exuding migration,516.67,arm
5f46df8f-29ba-47f9-ab4d-3df4f78a174a,Profit-focused fresh-thinking algorithm,661.42,close
774c8471-1a3a-4128-b253-e81a8dadbb3f,Organized executive attitude,731.22,investment
3dc3ad3f-1b3d-4185-a819-4a29efdb52d0,Self-enabling systematic paradigm,301.62,large
553ebc3f-3884-432b-9840-6c2aff62edd0,Down-sized value-added capability,801.48,daughter
e632ab5d-8b3b-4c08-b43b-a44e4496a8f9,Team-oriented interactive middleware,253.65,born
9614365b-e7ee-410b-a3c3-f42dfcad0820,Future-proofed directional success,754.14,evidence
a797c6be-23e9-444d-a641-d03f3b636fb5,Reduced asynchronous superstructure,963.28,if
134702e3-18a5-4bdf-a410-497c237c6f0c,Open-source foreground budgetary management,804.90,him
ae7cd088-14e6-48dd-8845-fb5a48ac02f0,Total high-level hub,402.77,beautiful
306cff71-a11d-4594-967d-249ddfda35c9,Virtual incremental secured line,552.53,system
84342e43-229e-4a54-82ba-9edc2c3df2e9,Triple-buffered asymmetric focus group,665.37,heavy
59dab8e6-c2e9-4d9f-8cc3-074ea8da4086,Advanced client-driven knowledge user,825.18,herself
1a3feaf1-230e-4967-a1b3-6d33dbcd8133,Optional bifurcated hub,869.04,feeling
b2eebc82-aaf3-4ac2-9feb-777b8e316218,Multi-tiered fresh-thinking artificial intelligence,845.85,quality
9cce2ea2-d630-466c-91de-c52c9c61952a,Expanded static encryption,252.14,federal
f00720c8-f659-4555-bf6e-208bdcc68194,Intuitive optimizing alliance,813.58,report
83d7ff95-2a42-48ab-9a06-08d491c27b7f,Quality-focused composite encryption,602.99,ten
128554d8-2369-4878-9d2c-7d503d8e4fda,Total asymmetric algorithm,760.52,only
296e256a-71b0-4d0d-9d92-40229ad5389e,Down-sized context-sensitive strategy,187.54,place
4b0d08db-e0fd-474e-9e2e-c63515671918,Expanded real-time monitoring,597.08,it
4d325b2b-865f-4eaf-9e99-00820c755fb1,Integrated secondary attitude,297.90,opportunity
f863e367-10ab-4127-b616-3c175118388a,Visionary non-volatile database,287.84,cup
09dcd45e-a1e5-40e6-9b57-dac60a7ef436,Programmable exuding monitoring,569.05,standard
1c2a4aa7-0dd8-427f-8b5c-ff96b8a7fd2b,Open-architected asymmetric initiative,293.97,data
b6879450-6c90-4871-911b-6e60bbd99910,Distributed homogeneous capacity,224.01,rise
5ba4a73e-351f-4000-9a82-bf24d882ce0c,Enhanced cohesive migration,927.42,number
2f494444-982e-4d4e-80b3-056f4943321f,Diverse eco-centric info-mediaries,728.31,argue
4fc3bcf4-3a68-4ee3-b33a-d3807bd8443d,Balanced contextually-based info-mediaries,615.91,little
75b70dc2-abda-4892-ba46-895222a500d0,Customer-focused systemic Local Area Network,184.20,Republican
3adfc7e9-3970-4abf-bcea-4d09bb972fcf,Innovative multi-tasking throughput,595.95,yard
a9fa011c-76b1-45cd-b06a-266f9f86a990,Total methodical pricing structure,109.24,indicate
41512c77-00e6-46d4-b8aa-05338abf4297,Realigned incremental adapter,555.19,Republican
9d7e604d-488d-48e0-9f3b-e2c26db6c31c,Implemented zero tolerance focus group,835.88,old
a28b4b1e-649b-417c-88b4-8c972e3cbbcd,Self-enabling clear-thinking interface,631.93,painting
314d33ed-fcf6-4bf7-8a42-88b84f308373,Decentralized user-facing monitoring,466.14,you
23f7e9b4-43e5-46b5-b92f-d653d64b5ef6,Intuitive mobile paradigm,686.91,next
5535716b-7ee7-4fc2-a3e3-6cf9440b434d,Configurable human-resource success,972.73,soldier
509905b8-598c-4540-87c3-9010d0e8cfdd,Open-architected client-server complexity,734.18,campaign
fa3623d4-9ea9-4a59-8577-73785081c83c,Mandatory zero administration collaboration,463.24,face
48d78a4e-5000-4310-946a-2c5ad322a11a,Polarized composite productivity,979.01,heavy
0966098c-054d-4082-9336-7900e6c63e30,Extended asymmetric matrix,877.61,compare
416c25da-61f6-4fa2-8a2b-e7034422bdd1,Organized non-volatile utilization,448.76,help
259a8bf5-2caa-4bdd-802f-2e474bca58d4,Devolved full-range extranet,917.62,he
ace002fa-9d5a-4ead-9c21-164d4096442b,Open-architected well-modulated projection,134.03,begin
c86c86dc-fe9d-48a6-af30-f250c2fe6c2c,Object-based 24hour core,521.63,avoid
4e8820dc-4c73-48ca-b6f7-d95851eb5186,Upgradable eco-centric archive,148.30,drop
063b016f-145e-41e7-a21c-838f3d13dc59,Automated static info-mediaries,364.52,page
165a638d-34fd-4863-8edc-4d534caebb7d,Reduced methodical extranet,120.90,hand
6232d5b7-d98d-4794-9242-d44eb8d9426d,Down-sized coherent monitoring,891.12,success
386492f6-36f6-406b-820c-74b870f371d5,Devolved even-keeled info-mediaries,341.86,computer
264a904d-0bde-483c-b7f2-b2e4dcfcf02c,Automated background access,967.74,lay
14f86c70-dbaa-4b98-8a1a-117859ab1722,Multi-tiered fresh-thinking utilization,634.45,standard
2d3c3ad5-a7e3-44b9-a99b-87b6dfab3bfe,Mandatory zero-defect core,629.94,media
2f78ec86-7db4-44be-869c-5656ec24ed87,Configurable tangible matrix,348.68,week
2b29dbd5-a533-427c-b4f5-5da1e1a431ad,Switchable radical matrices,405.08,successful
1e1271a5-6be1-4e8d-a493-287af8babcfa,Advanced zero administration solution,479.45,contain
0a368fbe-ec30-40c3-94f1-b7fffec82946,Organized leadingedge encoding,741.67,message
f933b0ea-d4b6-4f08-ab17-bdef690372c8,Open-architected actuating service-desk,945.72,summer
cb386293-74ba-48c2-9a77-9e26fc199666,Multi-tiered human-resource open system,136.71,threat
062b142d-167f-400b-8871-579c95b69bcf,Cross-group heuristic frame,903.67,expert
1637e368-10d0-4022-a50d-472ed6dd4743,Reduced interactive synergy,606.11,save
543f085c-5797-4b3e-868a-930687dece86,Reduced methodical encryption,588.93,better
